1, 0.010000, 5661.759079, 16509.188660, 22170.947739
2, 0.020000, 5868.422746, 16157.527659, 22025.950404
3, 0.030000, 6175.577763, 15680.725158, 21856.302921
4, 0.040000, 6510.480239, 15178.138088, 21688.618328
5, 0.050000, 6838.747101, 14718.702081, 21557.449181
6, 0.060000, 7108.964476, 14300.466291, 21409.430767
7, 0.070000, 7310.376765, 13944.065998, 21254.442763
8, 0.080000, 7429.064459, 13654.200291, 21083.264750
9, 0.090000, 7472.758360, 13406.396511, 20879.154870
10, 0.100000, 7458.904817, 13235.697146, 20694.601963
11, 0.110000, 7410.104497, 13065.077974, 20475.182471
12, 0.120000, 7340.956803, 12924.022795, 20264.979598
13, 0.130000, 7250.242413, 12850.105756, 20100.348169
14, 0.140000, 7157.260301, 12753.904820, 19911.165120
15, 0.150000, 7075.769356, 12669.199813, 19744.969169
16, 0.160000, 7005.857763, 12563.089990, 19568.947753
17, 0.170000, 6944.342021, 12458.315067, 19402.657088
18, 0.180000, 6889.717479, 12355.161170, 19244.878648
19, 0.190000, 6843.830579, 12255.534387, 19099.364966
20, 0.200000, 6805.239107, 12179.857839, 18985.096946
21, 0.210000, 6770.143717, 12087.306332, 18857.450050
22, 0.220000, 6737.014684, 11976.773215, 18713.787899
23, 0.230000, 6707.992992, 11873.084349, 18581.077341
24, 0.240000, 6678.571347, 11772.455850, 18451.027197
25, 0.250000, 6645.479001, 11692.669553, 18338.148553
26, 0.260000, 6610.352000, 11629.244889, 18239.596889
27, 0.270000, 6581.146556, 11547.154037, 18128.300593
28, 0.280000, 6568.980835, 11444.573795, 18013.554630
29, 0.290000, 6576.012579, 11300.834222, 17876.846801
30, 0.300000, 6598.954384, 11147.945152, 17746.899537
31, 0.310000, 6633.078972, 11001.875496, 17634.954468
32, 0.320000, 6669.091074, 10837.246257, 17506.337331
33, 0.330000, 6694.617852, 10708.992609, 17403.610461
34, 0.340000, 6702.402747, 10610.961372, 17313.364119
35, 0.350000, 6689.079330, 10515.681659, 17204.760989
36, 0.360000, 6659.385134, 10285.487928, 16944.873063
37, 0.370000, 6609.903473, 10215.053459, 16824.956932
38, 0.380000, 6555.434840, 10150.275721, 16705.710561
39, 0.390000, 6503.190617, 9989.418631, 16492.609247
40, 0.400000, 6454.085161, 9957.403561, 16411.488722
41, 0.410000, 6411.107427, 9903.268747, 16314.376174
42, 0.420000, 6379.953495, 9833.606656, 16213.560150
43, 0.430000, 6361.969616, 9755.765871, 16117.735487
44, 0.440000, 6351.596835, 9558.851451, 15910.448285
45, 0.450000, 6345.353935, 9476.255310, 15821.609245
46, 0.460000, 6341.094828, 9391.833670, 15732.928498
47, 0.470000, 6343.845062, 9199.871671, 15543.716733
48, 0.480000, 6345.637967, 9130.399857, 15476.037824
49, 0.490000, 6344.680534, 9046.647664, 15391.328198
50, 0.500000, 6337.666913, 8858.266444, 15195.933358
51, 0.510000, 6324.720274, 8795.657650, 15120.377924
52, 0.520000, 6309.883146, 8739.128698, 15049.011843
53, 0.530000, 6292.171635, 8593.109801, 14885.281436
54, 0.540000, 6266.304866, 8564.898473, 14831.203339
55, 0.550000, 6240.684356, 8536.219406, 14776.903762
56, 0.560000, 6218.365984, 8391.188889, 14609.554873
57, 0.570000, 6202.414372, 8327.253164, 14529.667536
58, 0.580000, 6195.353792, 8252.586153, 14447.939945
59, 0.590000, 6191.326696, 8090.987094, 14282.313790
60, 0.600000, 6191.801988, 8043.068771, 14234.870759
61, 0.610000, 6196.608243, 7993.143736, 14189.751979
62, 0.620000, 6201.891249, 7840.038309, 14041.929558
63, 0.630000, 6211.669606, 7787.850617, 13999.520222
64, 0.640000, 6218.918484, 7751.562162, 13970.480646
65, 0.650000, 6218.479434, 7602.123266, 13820.602701
66, 0.660000, 6205.876384, 7533.622683, 13739.499067
67, 0.670000, 6184.938866, 7500.631082, 13685.569948
68, 0.680000, 6161.518833, 7422.203525, 13583.722358
69, 0.690000, 6137.029320, 7424.629329, 13561.658648
70, 0.700000, 6118.882978, 7385.840317, 13504.723295
71, 0.710000, 6109.368312, 7252.134705, 13361.503018
72, 0.720000, 6104.271860, 7200.186240, 13304.458100
73, 0.730000, 6097.836056, 7146.373483, 13244.209540
74, 0.740000, 6091.148388, 7028.139625, 13119.288013
75, 0.750000, 6083.389235, 6996.535197, 13079.924432
76, 0.760000, 6073.621351, 6961.810017, 13035.431368
77, 0.770000, 6059.843046, 6846.148182, 12905.991228
78, 0.780000, 6043.606392, 6802.085558, 12845.691949
79, 0.790000, 6026.153432, 6773.791392, 12799.944824
80, 0.800000, 6006.504605, 6684.983467, 12691.488072
81, 0.810000, 5983.771791, 6672.726050, 12656.497842
82, 0.820000, 5959.717670, 6668.985766, 12628.703436
83, 0.830000, 5937.848983, 6589.731018, 12527.580001
84, 0.840000, 5912.564608, 6574.569234, 12487.133842
85, 0.850000, 5883.671566, 6569.295180, 12452.966745
86, 0.860000, 5854.491026, 6496.152546, 12350.643572
87, 0.870000, 5824.475925, 6490.220918, 12314.696842
88, 0.880000, 5799.632034, 6467.305810, 12266.937845
89, 0.890000, 5783.887816, 6369.371348, 12153.259164
90, 0.900000, 5776.333545, 6333.918313, 12110.251859
91, 0.910000, 5775.831720, 6298.096872, 12073.928592
92, 0.920000, 5777.326896, 6193.548868, 11970.875764
93, 0.930000, 5782.895242, 6145.676318, 11928.571561
94, 0.940000, 5793.038920, 6101.395259, 11894.434179
95, 0.950000, 5807.861044, 5972.176891, 11780.037936
96, 0.960000, 5823.950838, 5911.408210, 11735.359048
97, 0.970000, 5840.986745, 5865.813820, 11706.800564
98, 0.980000, 5855.567728, 5766.885538, 11622.453266
99, 0.990000, 5866.261554, 5732.455732, 11598.717286
100, 1.000000, 5874.633580, 5700.149744, 11574.783324
101, 1.010000, 5880.712477, 5623.904777, 11504.617254
102, 1.020000, 5881.350892, 5606.131838, 11487.482730
103, 1.030000, 5878.717267, 5585.865939, 11464.583205
104, 1.040000, 5872.341529, 5524.537288, 11396.878817
105, 1.050000, 5862.068887, 5516.513964, 11378.582851
106, 1.060000, 5848.667812, 5507.072283, 11355.740095
107, 1.070000, 5832.139604, 5462.729062, 11294.868667
108, 1.080000, 5812.731698, 5471.848785, 11284.580483
109, 1.090000, 5791.242275, 5464.298796, 11255.541071
110, 1.100000, 5769.324293, 5382.406727, 11151.731020
111, 1.110000, 5746.353442, 5371.490800, 11117.844243
112, 1.120000, 5722.555871, 5378.964209, 11101.520080
113, 1.130000, 5701.440977, 5308.774482, 11010.215459
114, 1.140000, 5682.697595, 5304.477790, 10987.175386
115, 1.150000, 5668.607795, 5311.952070, 10980.559865
116, 1.160000, 5660.819457, 5229.042174, 10889.861631
117, 1.170000, 5657.898245, 5189.576944, 10847.475189
118, 1.180000, 5656.481729, 5158.617696, 10815.099425
119, 1.190000, 5657.577693, 5079.513868, 10737.091561
120, 1.200000, 5662.057805, 5051.564124, 10713.621929
121, 1.210000, 5667.672786, 5023.071544, 10690.744330
122, 1.220000, 5674.242050, 4944.107937, 10618.349987
123, 1.230000, 5681.079224, 4929.553176, 10610.632400
124, 1.240000, 5686.043504, 4917.625678, 10603.669183
125, 1.250000, 5687.796777, 4838.554831, 10526.351607
126, 1.260000, 5681.680580, 4825.275286, 10506.955866
127, 1.270000, 5668.952836, 4826.962118, 10495.914955
128, 1.280000, 5652.502804, 4770.937687, 10423.440491
129, 1.290000, 5632.003208, 4765.750979, 10397.754187
130, 1.300000, 5609.752477, 4772.391865, 10382.144342
131, 1.310000, 5587.409365, 4725.647587, 10313.056951
132, 1.320000, 5567.162295, 4728.416974, 10295.579269
133, 1.330000, 5555.937715, 4731.803535, 10287.741250
134, 1.340000, 5550.977948, 4682.463129, 10233.441077
135, 1.350000, 5550.550768, 4671.455636, 10222.006404
136, 1.360000, 5553.279677, 4650.309187, 10203.588864
137, 1.370000, 5556.962642, 4590.416471, 10147.379113
138, 1.380000, 5561.126960, 4581.769092, 10142.896053
139, 1.390000, 5563.143072, 4561.530057, 10124.673129
140, 1.400000, 5560.793878, 4506.352098, 10067.145976
141, 1.410000, 5553.495240, 4502.282431, 10055.777671
142, 1.420000, 5542.968308, 4490.176648, 10033.144957
143, 1.430000, 5529.348856, 4444.274009, 9973.622865
144, 1.440000, 5513.713569, 4447.089066, 9960.802636
145, 1.450000, 5499.293173, 4450.428512, 9949.721685
146, 1.460000, 5489.741329, 4401.732762, 9891.474091
147, 1.470000, 5484.501388, 4397.918078, 9882.419466
148, 1.480000, 5482.252411, 4394.920911, 9877.173322
149, 1.490000, 5477.682105, 4338.005344, 9815.687449
150, 1.500000, 5472.714339, 4330.240198, 9802.954537
151, 1.510000, 5470.274359, 4336.741096, 9807.015455
152, 1.520000, 5470.325804, 4288.986548, 9759.312352
153, 1.530000, 5469.852554, 4263.571460, 9733.424013
154, 1.540000, 5468.837186, 4228.815600, 9697.652786
155, 1.550000, 5465.339925, 4165.688281, 9631.028205
156, 1.560000, 5457.859852, 4160.402040, 9618.261892
157, 1.570000, 5447.159895, 4166.829547, 9613.989441
158, 1.580000, 5434.462898, 4130.708043, 9565.170941
159, 1.590000, 5422.229964, 4090.678301, 9512.908265
160, 1.600000, 5409.125671, 4095.085924, 9504.211595
161, 1.610000, 5397.373317, 4091.121402, 9488.494719
162, 1.620000, 5386.028635, 4042.275488, 9428.304123
163, 1.630000, 5373.945727, 4037.963388, 9411.909115
164, 1.640000, 5363.426248, 4033.527111, 9396.953359
165, 1.650000, 5354.506879, 3981.537404, 9336.044283
166, 1.660000, 5347.331751, 3971.340906, 9318.672656
167, 1.670000, 5340.553683, 3964.615252, 9305.168935
168, 1.680000, 5335.199315, 3913.379190, 9248.578505
169, 1.690000, 5328.451672, 3859.283854, 9187.735526
170, 1.700000, 5320.079832, 3841.186639, 9161.266471
171, 1.710000, 5311.066309, 3835.206276, 9146.272585
172, 1.720000, 5302.347550, 3814.836229, 9117.183779
173, 1.730000, 5292.822063, 3804.432536, 9097.254599
174, 1.740000, 5282.378711, 3826.926429, 9109.305140
175, 1.750000, 5272.378960, 3832.875415, 9105.254374
176, 1.760000, 5264.603613, 3793.255427, 9057.859040
177, 1.770000, 5257.765135, 3749.339458, 9007.104593
178, 1.780000, 5253.635013, 3752.268248, 9005.903261
179, 1.790000, 5250.194270, 3750.553745, 9000.748015
180, 1.800000, 5248.205358, 3702.695862, 8950.901220
181, 1.810000, 5243.724432, 3659.650264, 8903.374696
182, 1.820000, 5236.604092, 3652.734493, 8889.338584
183, 1.830000, 5227.054821, 3660.140016, 8887.194837
184, 1.840000, 5215.905757, 3624.493757, 8840.399515
185, 1.850000, 5203.210187, 3615.100389, 8818.310576
186, 1.860000, 5191.361288, 3612.339791, 8803.701079
187, 1.870000, 5183.246748, 3577.824871, 8761.071619
188, 1.880000, 5177.419974, 3578.804743, 8756.224717
189, 1.890000, 5174.051401, 3573.551359, 8747.602761
190, 1.900000, 5172.022208, 3529.947997, 8701.970205
191, 1.910000, 5169.236076, 3489.945744, 8659.181820
192, 1.920000, 5166.356260, 3479.553863, 8645.910123
193, 1.930000, 5164.535290, 3470.775326, 8635.310616
194, 1.940000, 5165.543143, 3424.954763, 8590.497906
195, 1.950000, 5169.992350, 3380.175245, 8550.167594
196, 1.960000, 5178.907089, 3372.989015, 8551.896105
197, 1.970000, 5191.700048, 3353.386840, 8545.086888
198, 1.980000, 5206.733470, 3293.545799, 8500.279268
199, 1.990000, 5220.788717, 3240.235864, 8461.024581
200, 2.000000, 5230.474410, 3233.286296, 8463.760706
201, 2.010000, 5236.653988, 3235.956607, 8472.610595
202, 2.020000, 5241.246047, 3196.039017, 8437.285065
203, 2.030000, 5245.089316, 3148.745666, 8393.834982
204, 2.040000, 5248.176421, 3151.992481, 8400.168901
205, 2.050000, 5248.111845, 3168.292159, 8416.404004
206, 2.060000, 5246.337034, 3149.979230, 8396.316264
207, 2.070000, 5244.076019, 3130.883414, 8374.959433
208, 2.080000, 5243.025772, 3135.098053, 8378.123825
209, 2.090000, 5243.777856, 3144.886210, 8388.664066
210, 2.100000, 5246.507256, 3116.763671, 8363.270927
211, 2.110000, 5248.832659, 3074.465488, 8323.298147
212, 2.120000, 5252.012314, 3070.129410, 8322.141724
213, 2.130000, 5255.475194, 3068.791288, 8324.266482
214, 2.140000, 5260.710447, 3038.444495, 8299.154942
215, 2.150000, 5263.905176, 3002.317800, 8266.222975
216, 2.160000, 5265.950551, 2990.621249, 8256.571800
217, 2.170000, 5268.862612, 2974.409009, 8243.271622
218, 2.180000, 5270.756775, 2935.063002, 8205.819777
219, 2.190000, 5273.490866, 2912.748235, 8186.239101
220, 2.200000, 5275.280356, 2926.430693, 8201.711049
221, 2.210000, 5275.984703, 2933.756370, 8209.741073
222, 2.220000, 5275.947081, 2908.040667, 8183.987748
223, 2.230000, 5275.153945, 2913.780223, 8188.934168
224, 2.240000, 5274.734917, 2912.486929, 8187.221846
225, 2.250000, 5271.388645, 2882.349789, 8153.738434
226, 2.260000, 5271.195308, 2847.180872, 8118.376180
227, 2.270000, 5270.591653, 2851.820769, 8122.412422
228, 2.280000, 5269.333610, 2859.548494, 8128.882104
229, 2.290000, 5267.353874, 2831.889511, 8099.243385
230, 2.300000, 5263.467192, 2809.455530, 8072.922722
231, 2.310000, 5257.786645, 2817.992281, 8075.778925
232, 2.320000, 5250.473046, 2831.269085, 8081.742131
233, 2.330000, 5243.718912, 2808.293481, 8052.012393
234, 2.340000, 5235.162430, 2790.007861, 8025.170291
235, 2.350000, 5224.553539, 2801.773051, 8026.326590
236, 2.360000, 5214.317374, 2810.810703, 8025.128077
237, 2.370000, 5203.774333, 2789.560433, 7993.334766
238, 2.380000, 5195.041818, 2762.312997, 7957.354815
239, 2.390000, 5187.705554, 2771.398158, 7959.103712
240, 2.400000, 5184.891998, 2773.222402, 7958.114400
241, 2.410000, 5185.085792, 2737.349696, 7922.435487
242, 2.420000, 5185.114684, 2706.134676, 7891.249359
243, 2.430000, 5186.683876, 2713.937039, 7900.620914
244, 2.440000, 5191.091096, 2714.830570, 7905.921666
245, 2.450000, 5198.510497, 2685.381957, 7883.892454
246, 2.460000, 5208.417101, 2661.677392, 7870.094492
247, 2.470000, 5219.582018, 2661.235989, 7880.818007
248, 2.480000, 5228.970037, 2657.789254, 7886.759291
249, 2.490000, 5236.914621, 2619.527543, 7856.442164
250, 2.500000, 5242.990571, 2580.228620, 7823.219191
251, 2.510000, 5246.422460, 2569.759594, 7816.182054
252, 2.520000, 5247.745815, 2572.228402, 7819.974217
253, 2.530000, 5246.743499, 2552.653714, 7799.397213
254, 2.540000, 5242.795195, 2532.959540, 7775.754735
255, 2.550000, 5237.010101, 2536.045110, 7773.055210
256, 2.560000, 5229.924072, 2541.508862, 7771.432934
257, 2.570000, 5222.603800, 2539.125022, 7761.728822
258, 2.580000, 5214.815632, 2529.050598, 7743.866231
259, 2.590000, 5207.746898, 2539.552533, 7747.299431
260, 2.600000, 5202.032875, 2549.823030, 7751.855905
261, 2.610000, 5197.548917, 2520.256155, 7717.805072
262, 2.620000, 5193.757508, 2506.266255, 7700.023763
263, 2.630000, 5190.510555, 2524.773365, 7715.283920
264, 2.640000, 5188.927818, 2530.241172, 7719.168989
265, 2.650000, 5187.108829, 2522.392541, 7709.501370
266, 2.660000, 5183.611098, 2510.319353, 7693.930451
267, 2.670000, 5177.445165, 2516.329536, 7693.774700
268, 2.680000, 5172.399726, 2528.552453, 7700.952179
269, 2.690000, 5167.998891, 2519.340230, 7687.339121
270, 2.700000, 5167.084215, 2512.143591, 7679.227806
271, 2.710000, 5168.589343, 2527.686583, 7696.275926
272, 2.720000, 5173.203436, 2519.496040, 7692.699476
273, 2.730000, 5180.548947, 2484.210611, 7664.759558
274, 2.740000, 5190.557155, 2457.810306, 7648.367460
275, 2.750000, 5201.722521, 2416.427692, 7618.150213
276, 2.760000, 5212.144533, 2397.110987, 7609.255520
277, 2.770000, 5222.518828, 2380.489906, 7603.008734
278, 2.780000, 5230.242340, 2352.741890, 7582.984230
279, 2.790000, 5236.212590, 2325.302737, 7561.515327
280, 2.800000, 5241.224378, 2318.768528, 7559.992906
281, 2.810000, 5246.564847, 2322.905768, 7569.470615
282, 2.820000, 5250.072935, 2299.072485, 7549.145420
283, 2.830000, 5251.138693, 2284.065073, 7535.203767
284, 2.840000, 5249.348395, 2301.377641, 7550.726036
285, 2.850000, 5244.707972, 2314.449137, 7559.157109
286, 2.860000, 5239.624749, 2296.138922, 7535.763671
287, 2.870000, 5232.739586, 2276.878037, 7509.617622
288, 2.880000, 5222.882630, 2291.567955, 7514.450585
289, 2.890000, 5211.948617, 2311.504065, 7523.452682
290, 2.900000, 5200.739271, 2303.565791, 7504.305062
291, 2.910000, 5190.503118, 2287.674013, 7478.177130
292, 2.920000, 5176.428128, 2306.643399, 7483.071528
293, 2.930000, 5159.831638, 2329.305664, 7489.137303
294, 2.940000, 5142.838898, 2332.405196, 7475.244094
295, 2.950000, 5127.936161, 2336.162795, 7464.098956
296, 2.960000, 5116.146987, 2353.847861, 7469.994848
297, 2.970000, 5106.845947, 2361.752578, 7468.598525
298, 2.980000, 5101.573435, 2343.588120, 7445.161556
299, 2.990000, 5099.525846, 2328.736076, 7428.261922
300, 3.000000, 5100.141300, 2344.568257, 7444.709558
301, 3.010000, 5103.376070, 2356.025239, 7459.401309
302, 3.020000, 5109.182859, 2331.790933, 7440.973792
303, 3.030000, 5115.937439, 2301.827884, 7417.765323
304, 3.040000, 5123.549434, 2303.686212, 7427.235646
305, 3.050000, 5130.650322, 2310.692580, 7441.342902
306, 3.060000, 5138.455739, 2275.553431, 7414.009170
307, 3.070000, 5143.652128, 2242.555437, 7386.207565
308, 3.080000, 5145.453262, 2244.675947, 7390.129209
309, 3.090000, 5145.540985, 2248.423930, 7393.964915
310, 3.100000, 5144.564391, 2230.034557, 7374.598948
311, 3.110000, 5141.482807, 2217.907264, 7359.390070
312, 3.120000, 5136.345834, 2232.413228, 7368.759062
313, 3.130000, 5130.367138, 2238.324875, 7368.692013
314, 3.140000, 5122.797487, 2222.938107, 7345.735594
315, 3.150000, 5114.510031, 2219.300560, 7333.810591
316, 3.160000, 5104.506905, 2250.051932, 7354.558837
317, 3.170000, 5094.665760, 2269.346127, 7364.011887
318, 3.180000, 5086.104058, 2241.770558, 7327.874616
319, 3.190000, 5077.158225, 2225.959564, 7303.117789
320, 3.200000, 5067.781102, 2237.608586, 7305.389687
321, 3.210000, 5056.925544, 2244.712572, 7301.638116
322, 3.220000, 5044.761325, 2233.178714, 7277.940039
323, 3.230000, 5032.353448, 2231.926466, 7264.279913
324, 3.240000, 5020.716801, 2257.706690, 7278.423491
325, 3.250000, 5010.426071, 2272.472085, 7282.898156
326, 3.260000, 5001.990429, 2247.805899, 7249.796328
327, 3.270000, 4996.457927, 2224.390310, 7220.848237
328, 3.280000, 4992.669363, 2240.638468, 7233.307831
329, 3.290000, 4991.216254, 2255.075974, 7246.292228
330, 3.300000, 4991.213279, 2236.370988, 7227.584268
331, 3.310000, 4992.426740, 2210.191732, 7202.618473
332, 3.320000, 4994.305462, 2216.254630, 7210.560092
333, 3.330000, 4996.976207, 2231.804230, 7228.780437
334, 3.340000, 4999.486565, 2222.175976, 7221.662541
335, 3.350000, 5001.618607, 2203.716750, 7205.335357
336, 3.360000, 5003.757576, 2211.532356, 7215.289932
337, 3.370000, 5006.967687, 2213.157892, 7220.125579
338, 3.380000, 5009.215766, 2194.054262, 7203.270029
339, 3.390000, 5009.741299, 2185.065555, 7194.806854
340, 3.400000, 5009.487232, 2178.423034, 7187.910266
341, 3.410000, 5008.458296, 2188.403178, 7196.861475
342, 3.420000, 5008.557641, 2190.567521, 7199.125162
343, 3.430000, 5008.796806, 2166.765042, 7175.561848
344, 3.440000, 5007.670901, 2144.014316, 7151.685218
345, 3.450000, 5003.878992, 2126.765720, 7130.644712
346, 3.460000, 4996.919095, 2148.154856, 7145.073951
347, 3.470000, 4987.386605, 2167.246019, 7154.632625
348, 3.480000, 4975.234461, 2161.905547, 7137.140008
349, 3.490000, 4961.916959, 2166.559987, 7128.476946
350, 3.500000, 4947.082104, 2193.872526, 7140.954630
351, 3.510000, 4934.105381, 2206.903563, 7141.008944
352, 3.520000, 4923.857044, 2202.883123, 7126.740167
353, 3.530000, 4916.890615, 2198.630948, 7115.521563
354, 3.540000, 4913.474777, 2202.071478, 7115.546256
355, 3.550000, 4914.806102, 2197.395606, 7112.201708
356, 3.560000, 4919.006635, 2174.481589, 7093.488225
357, 3.570000, 4926.136924, 2154.580622, 7080.717546
358, 3.580000, 4935.190739, 2152.074578, 7087.265317
359, 3.590000, 4947.084761, 2144.143513, 7091.228275
360, 3.600000, 4958.941730, 2113.767765, 7072.709495
361, 3.610000, 4969.583825, 2096.100753, 7065.684579
362, 3.620000, 4977.613279, 2085.992749, 7063.606028
363, 3.630000, 4981.906248, 2099.824455, 7081.730703
364, 3.640000, 4982.459485, 2110.026104, 7092.485589
365, 3.650000, 4981.131540, 2094.068504, 7075.200044
366, 3.660000, 4976.671129, 2087.102044, 7063.773173
367, 3.670000, 4969.161299, 2084.483064, 7053.644363
368, 3.680000, 4960.561474, 2108.711272, 7069.272747
369, 3.690000, 4950.837808, 2139.394219, 7090.232027
370, 3.700000, 4941.624314, 2145.287772, 7086.912086
371, 3.710000, 4933.262315, 2137.801599, 7071.063915
372, 3.720000, 4926.047235, 2126.000725, 7052.047960
373, 3.730000, 4919.844213, 2145.213833, 7065.058047
374, 3.740000, 4913.677748, 2167.744285, 7081.422033
375, 3.750000, 4909.095437, 2168.770184, 7077.865621
376, 3.760000, 4905.213847, 2161.846194, 7067.060040
377, 3.770000, 4902.130692, 2176.612517, 7078.743209
378, 3.780000, 4900.571014, 2190.308721, 7090.879736
379, 3.790000, 4901.013546, 2176.905649, 7077.919195
380, 3.800000, 4903.007535, 2158.200942, 7061.208476
381, 3.810000, 4905.926370, 2156.566481, 7062.492850
382, 3.820000, 4907.981446, 2168.348155, 7076.329601
383, 3.830000, 4910.702436, 2162.742920, 7073.445355
384, 3.840000, 4912.652316, 2156.220058, 7068.872374
385, 3.850000, 4915.172213, 2158.313142, 7073.485355
386, 3.860000, 4917.585049, 2163.786729, 7081.371778
387, 3.870000, 4919.189298, 2158.300327, 7077.489625
388, 3.880000, 4920.546615, 2147.929905, 7068.476520
389, 3.890000, 4922.462227, 2164.570573, 7087.032800
390, 3.900000, 4924.182040, 2173.784073, 7097.966113
391, 3.910000, 4926.682110, 2157.148033, 7083.830143
392, 3.920000, 4931.035365, 2139.324329, 7070.359694
393, 3.930000, 4936.704250, 2131.263000, 7067.967249
394, 3.940000, 4942.003952, 2122.371753, 7064.375705
395, 3.950000, 4947.363073, 2104.891710, 7052.254783
396, 3.960000, 4952.183478, 2093.773838, 7045.957316
397, 3.970000, 4955.711022, 2077.081105, 7032.792127
398, 3.980000, 4955.875102, 2079.606336, 7035.481438
399, 3.990000, 4953.518068, 2088.252298, 7041.770366
400, 4.000000, 4949.927015, 2085.776134, 7035.703149
401, 4.010000, 4943.916569, 2080.082513, 7023.999082
402, 4.020000, 4934.980439, 2072.549490, 7007.529929
403, 4.030000, 4924.539897, 2088.591541, 7013.131438
404, 4.040000, 4914.056548, 2104.309855, 7018.366403
405, 4.050000, 4903.232896, 2110.021918, 7013.254815
406, 4.060000, 4893.244593, 2115.022969, 7008.267562
407, 4.070000, 4885.869080, 2111.742948, 6997.612029
408, 4.080000, 4879.926204, 2123.496099, 7003.422303
409, 4.090000, 4876.600511, 2126.940135, 7003.540646
410, 4.100000, 4875.422570, 2119.403944, 6994.826514
411, 4.110000, 4876.480929, 2112.893441, 6989.374370
412, 4.120000, 4878.388532, 2114.068196, 6992.456728
413, 4.130000, 4883.683484, 2120.123923, 7003.807407
414, 4.140000, 4889.929365, 2109.964887, 6999.894252
415, 4.150000, 4895.267857, 2098.422113, 6993.689970
416, 4.160000, 4900.947243, 2102.271592, 7003.218835
417, 4.170000, 4905.310602, 2103.985749, 7009.296350
418, 4.180000, 4908.498809, 2087.617719, 6996.116528
419, 4.190000, 4907.841048, 2072.994482, 6980.835530
420, 4.200000, 4905.544835, 2087.298668, 6992.843503
421, 4.210000, 4900.464746, 2104.760927, 7005.225673
422, 4.220000, 4897.346052, 2091.542382, 6988.888434
423, 4.230000, 4895.759797, 2084.648212, 6980.408009
424, 4.240000, 4896.012599, 2100.937340, 6996.949938
425, 4.250000, 4897.326363, 2106.532760, 7003.859122
426, 4.260000, 4899.489957, 2090.175856, 6989.665812
427, 4.270000, 4903.998341, 2067.152524, 6971.150865
428, 4.280000, 4910.117420, 2059.445788, 6969.563208
429, 4.290000, 4916.630835, 2059.688242, 6976.319077
430, 4.300000, 4922.086006, 2042.384972, 6964.470978
431, 4.310000, 4927.490888, 2030.823277, 6958.314165
432, 4.320000, 4930.548946, 2034.850761, 6965.399707
433, 4.330000, 4931.757996, 2039.525983, 6971.283979
434, 4.340000, 4931.446096, 2042.734433, 6974.180529
435, 4.350000, 4931.322515, 2038.457147, 6969.779662
436, 4.360000, 4930.701463, 2042.402842, 6973.104305
437, 4.370000, 4930.102110, 2049.477509, 6979.579619
438, 4.380000, 4930.412296, 2048.779868, 6979.192164
439, 4.390000, 4932.154397, 2052.744340, 6984.898737
440, 4.400000, 4933.339625, 2064.416369, 6997.755994
441, 4.410000, 4934.701236, 2072.139392, 7006.840628
442, 4.420000, 4935.748068, 2058.918301, 6994.666369
443, 4.430000, 4938.368967, 2039.655410, 6978.024376
444, 4.440000, 4939.637430, 2048.440582, 6988.078012
445, 4.450000, 4939.348068, 2069.272105, 7008.620173
446, 4.460000, 4937.432524, 2066.399940, 7003.832464
447, 4.470000, 4934.120436, 2066.520386, 7000.640823
448, 4.480000, 4930.886130, 2093.199195, 7024.085326
449, 4.490000, 4927.173742, 2105.274367, 7032.448109
450, 4.500000, 4925.586459, 2087.449842, 7013.036301
451, 4.510000, 4924.791376, 2073.969033, 6998.760409
452, 4.520000, 4926.634745, 2076.385393, 7003.020138
453, 4.530000, 4930.586257, 2069.391481, 6999.977738
454, 4.540000, 4935.862358, 2050.916962, 6986.779320
455, 4.550000, 4941.823636, 2039.021704, 6980.845340
456, 4.560000, 4946.867099, 2017.524993, 6964.392092
457, 4.570000, 4952.011425, 2024.864503, 6976.875929
458, 4.580000, 4955.654008, 2039.360150, 6995.014158
459, 4.590000, 4959.700083, 2014.431757, 6974.131841
460, 4.600000, 4963.717175, 1989.983422, 6953.700596
461, 4.610000, 4965.931715, 1975.918636, 6941.850352
462, 4.620000, 4967.097952, 1977.145951, 6944.243903
463, 4.630000, 4968.081840, 1982.547111, 6950.628951
464, 4.640000, 4967.950849, 1975.205343, 6943.156192
465, 4.650000, 4967.898729, 1971.286973, 6939.185702
466, 4.660000, 4967.637523, 1970.250022, 6937.887545
467, 4.670000, 4966.444480, 1986.062107, 6952.506587
468, 4.680000, 4966.209256, 1994.895308, 6961.104564
469, 4.690000, 4964.922068, 1983.870036, 6948.792104
470, 4.700000, 4963.893178, 1968.898241, 6932.791419
471, 4.710000, 4960.419306, 1955.879495, 6916.298801
472, 4.720000, 4958.016361, 1959.665644, 6917.682005
473, 4.730000, 4953.923905, 1968.253767, 6922.177673
474, 4.740000, 4950.394085, 1962.503151, 6912.897236
475, 4.750000, 4947.771678, 1955.148272, 6902.919950
476, 4.760000, 4946.441028, 1949.540224, 6895.981252
477, 4.770000, 4946.251901, 1954.361105, 6900.613007
478, 4.780000, 4947.999230, 1947.230604, 6895.229834
479, 4.790000, 4953.265947, 1927.077526, 6880.343473
480, 4.800000, 4960.299256, 1914.319999, 6874.619254
481, 4.810000, 4967.508288, 1899.802806, 6867.311094
482, 4.820000, 4974.172638, 1914.963794, 6889.136432
483, 4.830000, 4981.504333, 1925.961889, 6907.466222
484, 4.840000, 4989.309991, 1904.830311, 6894.140302
485, 4.850000, 4996.821951, 1894.323779, 6891.145730
486, 4.860000, 5003.237269, 1887.954940, 6891.192209
487, 4.870000, 5008.203810, 1899.142755, 6907.346565
488, 4.880000, 5013.116604, 1902.469977, 6915.586581
489, 4.890000, 5016.309538, 1885.167419, 6901.476958
490, 4.900000, 5017.455234, 1864.222768, 6881.678001
491, 4.910000, 5017.366560, 1850.505872, 6867.872432
492, 4.920000, 5016.860422, 1866.785837, 6883.646259
493, 4.930000, 5013.455205, 1878.207877, 6891.663082
494, 4.940000, 5007.973314, 1874.216408, 6882.189722
495, 4.950000, 5002.340862, 1874.672877, 6877.013738
496, 4.960000, 4998.245660, 1878.725132, 6876.970792
497, 4.970000, 4994.822172, 1891.855796, 6886.677968
498, 4.980000, 4991.330336, 1901.115177, 6892.445513
499, 4.990000, 4988.511168, 1896.274270, 6884.785438
500, 5.000000, 4985.569190, 1889.199207, 6874.768396
501, 5.010000, 4982.538417, 1885.401793, 6867.940210
502, 5.020000, 4980.060132, 1892.082638, 6872.142771
503, 5.030000, 4978.538471, 1898.644060, 6877.182531
504, 5.040000, 4978.624234, 1899.661074, 6878.285308
505, 5.050000, 4979.570549, 1905.087112, 6884.657662
506, 5.060000, 4981.452168, 1896.037250, 6877.489418
507, 5.070000, 4982.852967, 1903.295247, 6886.148214
508, 5.080000, 4984.068482, 1906.228290, 6890.296772
509, 5.090000, 4986.573993, 1885.459697, 6872.033690
510, 5.100000, 4988.785115, 1882.019367, 6870.804481
511, 5.110000, 4991.254390, 1865.038697, 6856.293087
512, 5.120000, 4993.539219, 1860.031162, 6853.570381
513, 5.130000, 4995.177444, 1864.573009, 6859.750452
514, 5.140000, 4995.563856, 1848.768333, 6844.332190
515, 5.150000, 4997.025478, 1839.841767, 6836.867245
516, 5.160000, 4998.054953, 1828.358209, 6826.413161
517, 5.170000, 4997.187893, 1832.918163, 6830.106056
518, 5.180000, 4995.326898, 1842.428922, 6837.755820
519, 5.190000, 4991.386759, 1834.017750, 6825.404510
520, 5.200000, 4986.618859, 1837.737045, 6824.355903
521, 5.210000, 4980.976912, 1841.170740, 6822.147652
522, 5.220000, 4975.110441, 1849.449948, 6824.560389
523, 5.230000, 4968.893343, 1866.094448, 6834.987791
524, 5.240000, 4963.116472, 1861.819101, 6824.935573
525, 5.250000, 4959.085032, 1859.216305, 6818.301337
526, 5.260000, 4955.904277, 1859.726696, 6815.630974
527, 5.270000, 4953.859592, 1875.767822, 6829.627414
528, 5.280000, 4952.003384, 1887.639601, 6839.642986
529, 5.290000, 4951.892949, 1870.464974, 6822.357923
530, 5.300000, 4951.097172, 1853.762437, 6804.859609
531, 5.310000, 4951.529434, 1825.304033, 6776.833467
532, 5.320000, 4951.372229, 1825.618753, 6776.990982
533, 5.330000, 4951.215784, 1845.013152, 6796.228935
534, 5.340000, 4950.054509, 1847.735930, 6797.790439
535, 5.350000, 4948.498576, 1842.163515, 6790.662091
536, 5.360000, 4947.251647, 1839.409697, 6786.661344
537, 5.370000, 4946.256495, 1863.199228, 6809.455723
538, 5.380000, 4945.320920, 1884.047740, 6829.368660
539, 5.390000, 4943.730666, 1882.851031, 6826.581697
540, 5.400000, 4943.422766, 1874.454545, 6817.877311
541, 5.410000, 4942.309279, 1892.294407, 6834.603686
542, 5.420000, 4938.874077, 1920.189882, 6859.063959
543, 5.430000, 4935.408143, 1928.003947, 6863.412090
544, 5.440000, 4932.789659, 1931.980782, 6864.770441
545, 5.450000, 4931.786834, 1950.844637, 6882.631471
546, 5.460000, 4932.341258, 1972.837770, 6905.179028
547, 5.470000, 4935.451719, 1958.588395, 6894.040115
548, 5.480000, 4941.144601, 1923.294555, 6864.439156
549, 5.490000, 4949.067344, 1913.263913, 6862.331257
550, 5.500000, 4958.210386, 1906.775084, 6864.985470
551, 5.510000, 4968.150225, 1881.170995, 6849.321221
552, 5.520000, 4977.834869, 1863.881957, 6841.716825
553, 5.530000, 4985.705807, 1879.199624, 6864.905432
554, 5.540000, 4994.163843, 1890.382440, 6884.546283
555, 5.550000, 4999.038385, 1869.062617, 6868.101002
556, 5.560000, 5001.747026, 1856.595296, 6858.342322
557, 5.570000, 5003.290657, 1854.591597, 6857.882254
558, 5.580000, 5002.424502, 1876.120049, 6878.544552
559, 5.590000, 5001.210012, 1893.600270, 6894.810283
560, 5.600000, 4999.038570, 1879.138637, 6878.177207
561, 5.610000, 4995.974807, 1870.669269, 6866.644076
562, 5.620000, 4992.539233, 1871.176946, 6863.716179
563, 5.630000, 4989.149485, 1895.187685, 6884.337170
564, 5.640000, 4985.122888, 1917.756652, 6902.879540
565, 5.650000, 4982.575109, 1911.461070, 6894.036179
566, 5.660000, 4978.594065, 1909.970362, 6888.564427
567, 5.670000, 4974.303844, 1912.015894, 6886.319738
568, 5.680000, 4970.329843, 1926.904625, 6897.234468
569, 5.690000, 4966.002900, 1933.645909, 6899.648808
570, 5.700000, 4961.065913, 1927.947314, 6889.013227
571, 5.710000, 4953.949908, 1927.997499, 6881.947407
572, 5.720000, 4946.483996, 1939.204595, 6885.688591
573, 5.730000, 4940.370530, 1958.713994, 6899.084524
574, 5.740000, 4935.007078, 1952.060131, 6887.067209
575, 5.750000, 4929.960819, 1933.707536, 6863.668355
576, 5.760000, 4924.699047, 1943.409016, 6868.108063
577, 5.770000, 4917.685072, 1965.489082, 6883.174155
578, 5.780000, 4911.655785, 1970.874631, 6882.530416
579, 5.790000, 4907.329841, 1967.490715, 6874.820556
580, 5.800000, 4902.481383, 1986.275060, 6888.756443
581, 5.810000, 4897.927181, 2006.548855, 6904.476036
582, 5.820000, 4895.172752, 2007.858925, 6903.031677
583, 5.830000, 4894.551515, 2003.170605, 6897.722120
584, 5.840000, 4893.336008, 2010.342539, 6903.678547
585, 5.850000, 4892.891950, 2011.421752, 6904.313702
586, 5.860000, 4890.788942, 2008.063626, 6898.852568
587, 5.870000, 4888.256614, 2017.070211, 6905.326825
588, 5.880000, 4885.629030, 2033.875835, 6919.504865
589, 5.890000, 4884.324917, 2046.255318, 6930.580235
590, 5.900000, 4883.827041, 2039.299777, 6923.126818
591, 5.910000, 4883.464346, 2025.986677, 6909.451023
592, 5.920000, 4882.261965, 2029.354179, 6911.616144
593, 5.930000, 4881.296426, 2037.987062, 6919.283488
594, 5.940000, 4880.755580, 2030.885199, 6911.640779
595, 5.950000, 4881.278714, 2019.884316, 6901.163031
596, 5.960000, 4882.335336, 2026.768460, 6909.103796
597, 5.970000, 4882.534284, 2031.592750, 6914.127034
598, 5.980000, 4883.441992, 2027.931174, 6911.373166
599, 5.990000, 4886.064786, 2020.664874, 6906.729659
600, 6.000000, 4887.760082, 2026.857466, 6914.617548
601, 6.010000, 4891.545801, 2035.076657, 6926.622457
602, 6.020000, 4894.470517, 2028.560062, 6923.030579
603, 6.030000, 4897.325618, 2015.905841, 6913.231459
604, 6.040000, 4899.197174, 2020.748327, 6919.945500
605, 6.050000, 4899.370197, 2024.600116, 6923.970313
606, 6.060000, 4897.730647, 2014.073392, 6911.804039
607, 6.070000, 4894.322405, 2006.717327, 6901.039732
608, 6.080000, 4888.890646, 2013.632447, 6902.523094
609, 6.090000, 4883.150982, 2024.705616, 6907.856598
610, 6.100000, 4875.671281, 2028.873066, 6904.544348
611, 6.110000, 4868.477867, 2038.996099, 6907.473966
612, 6.120000, 4861.265595, 2055.180327, 6916.445922
613, 6.130000, 4855.098546, 2069.204777, 6924.303323
614, 6.140000, 4849.792215, 2061.620290, 6911.412505
615, 6.150000, 4843.967575, 2047.444885, 6891.412460
616, 6.160000, 4838.832818, 2032.055331, 6870.888149
617, 6.170000, 4834.416750, 2038.833729, 6873.250479
618, 6.180000, 4830.541466, 2050.691396, 6881.232862
619, 6.190000, 4828.415707, 2043.376438, 6871.792145
620, 6.200000, 4828.865019, 2035.204289, 6864.069308
621, 6.210000, 4832.384225, 2026.866663, 6859.250888
622, 6.220000, 4837.354003, 2038.858061, 6876.212064
623, 6.230000, 4843.320192, 2054.038216, 6897.358408
624, 6.240000, 4848.646754, 2049.018792, 6897.665546
625, 6.250000, 4854.368290, 2038.303625, 6892.671915
626, 6.260000, 4858.994313, 2047.973800, 6906.968113
627, 6.270000, 4862.342845, 2057.210290, 6919.553135
628, 6.280000, 4864.989151, 2043.628713, 6908.617865
629, 6.290000, 4866.752613, 2034.475567, 6901.228180
630, 6.300000, 4866.668931, 2037.330907, 6903.999838
631, 6.310000, 4866.532242, 2056.451549, 6922.983790
632, 6.320000, 4864.053632, 2072.986427, 6937.040059
633, 6.330000, 4861.310420, 2066.325744, 6927.636163
634, 6.340000, 4859.146830, 2057.487916, 6916.634745
635, 6.350000, 4857.352169, 2047.983882, 6905.336051
636, 6.360000, 4856.282289, 2060.022059, 6916.304347
637, 6.370000, 4855.470973, 2076.326626, 6931.797599
638, 6.380000, 4855.819103, 2069.067683, 6924.886786
639, 6.390000, 4856.036734, 2059.595023, 6915.631757
640, 6.400000, 4855.993067, 2049.672789, 6905.665855
641, 6.410000, 4856.112996, 2055.233018, 6911.346014
642, 6.420000, 4857.267364, 2059.511452, 6916.778816
643, 6.430000, 4859.396028, 2051.481662, 6910.877690
644, 6.440000, 4862.142115, 2040.710948, 6902.853063
645, 6.450000, 4864.853079, 2036.083739, 6900.936818
646, 6.460000, 4865.649640, 2058.656195, 6924.305835
647, 6.470000, 4866.236348, 2076.080028, 6942.316376
648, 6.480000, 4867.654536, 2059.838648, 6927.493184
649, 6.490000, 4870.866633, 2047.039905, 6917.906538
650, 6.500000, 4873.193072, 2044.981156, 6918.174229
651, 6.510000, 4875.835320, 2048.088843, 6923.924164
652, 6.520000, 4879.370100, 2054.662207, 6934.032307
653, 6.530000, 4884.474775, 2050.218048, 6934.692823
654, 6.540000, 4888.854438, 2043.819650, 6932.674089
655, 6.550000, 4894.783688, 2027.793692, 6922.577381
656, 6.560000, 4903.222150, 2022.553749, 6925.775899
657, 6.570000, 4911.023179, 2025.979830, 6937.003009
658, 6.580000, 4917.947662, 2017.956764, 6935.904426
659, 6.590000, 4923.336260, 2003.214023, 6926.550283
660, 6.600000, 4924.457363, 2016.163157, 6940.620520
661, 6.610000, 4923.091508, 2037.915951, 6961.007459
662, 6.620000, 4921.524746, 2035.167275, 6956.692022
663, 6.630000, 4917.408495, 2029.505763, 6946.914258
664, 6.640000, 4910.724272, 2021.044635, 6931.768907
665, 6.650000, 4904.054340, 2035.228111, 6939.282451
666, 6.660000, 4896.412082, 2052.197133, 6948.609216
667, 6.670000, 4888.923217, 2048.536724, 6937.459941
668, 6.680000, 4882.489414, 2050.296215, 6932.785628
669, 6.690000, 4876.793498, 2063.856483, 6940.649981
670, 6.700000, 4873.730937, 2065.054581, 6938.785518
671, 6.710000, 4873.943102, 2047.737753, 6921.680855
672, 6.720000, 4876.271864, 2031.482994, 6907.754859
673, 6.730000, 4878.755636, 2037.037145, 6915.792781
674, 6.740000, 4883.859730, 2036.599046, 6920.458776
675, 6.750000, 4890.439189, 2013.917909, 6904.357098
676, 6.760000, 4897.067302, 1997.062429, 6894.129731
677, 6.770000, 4903.357333, 2005.079520, 6908.436853
678, 6.780000, 4909.597237, 2005.401743, 6914.998979
679, 6.790000, 4914.611083, 1984.937066, 6899.548150
680, 6.800000, 4917.322095, 1979.000956, 6896.323051
681, 6.810000, 4920.166156, 1972.907969, 6893.074124
682, 6.820000, 4922.725511, 1980.791439, 6903.516950
683, 6.830000, 4923.685619, 1988.817238, 6912.502857
684, 6.840000, 4923.733713, 1986.643260, 6910.376973
685, 6.850000, 4922.410710, 1989.950364, 6912.361074
686, 6.860000, 4921.530031, 1985.908584, 6907.438615
687, 6.870000, 4921.418008, 1994.448982, 6915.866990
688, 6.880000, 4921.974444, 1995.194517, 6917.168960
689, 6.890000, 4923.842435, 1981.567419, 6905.409854
690, 6.900000, 4925.509282, 1974.953710, 6900.462992
691, 6.910000, 4928.238250, 1976.334633, 6904.572883
692, 6.920000, 4931.207606, 1994.141297, 6925.348903
693, 6.930000, 4935.028908, 2004.358162, 6939.387071
694, 6.940000, 4940.386200, 1994.378825, 6934.765026
695, 6.950000, 4945.968871, 1973.867040, 6919.835911
696, 6.960000, 4952.987908, 1970.325337, 6923.313245
697, 6.970000, 4960.711718, 1977.421437, 6938.133154
698, 6.980000, 4969.041634, 1973.047144, 6942.088778
699, 6.990000, 4976.656830, 1967.408984, 6944.065813
700, 7.000000, 4983.199657, 1977.982751, 6961.182408
701, 7.010000, 4987.653843, 1984.762733, 6972.416575
702, 7.020000, 4991.319971, 1966.037557, 6957.357527
703, 7.030000, 4993.230359, 1949.737951, 6942.968310
704, 7.040000, 4991.799116, 1941.195255, 6932.994371
705, 7.050000, 4986.550965, 1963.299733, 6949.850698
706, 7.060000, 4979.484204, 1986.494696, 6965.978899
707, 7.070000, 4971.429537, 1987.273093, 6958.702631
708, 7.080000, 4963.786469, 1979.452325, 6943.238795
709, 7.090000, 4956.370139, 1969.291624, 6925.661763
710, 7.100000, 4949.164724, 1985.040825, 6934.205549
711, 7.110000, 4943.374143, 1994.806911, 6938.181054
712, 7.120000, 4940.791651, 1988.954664, 6929.746315
713, 7.130000, 4940.529360, 1976.920690, 6917.450050
714, 7.140000, 4941.135765, 1976.344627, 6917.480391
715, 7.150000, 4942.525053, 1978.899541, 6921.424595
716, 7.160000, 4943.720590, 1974.789607, 6918.510197
717, 7.170000, 4943.094183, 1980.132285, 6923.226468
718, 7.180000, 4940.333452, 1993.352994, 6933.686447
719, 7.190000, 4936.998448, 1997.786182, 6934.784630
720, 7.200000, 4934.727852, 1982.571488, 6917.299340
721, 7.210000, 4933.563961, 1970.829729, 6904.393690
722, 7.220000, 4933.523904, 1980.889839, 6914.413743
723, 7.230000, 4935.481767, 1984.841025, 6920.322792
724, 7.240000, 4938.791923, 1967.721727, 6906.513649
725, 7.250000, 4943.529315, 1956.388061, 6899.917376
726, 7.260000, 4946.294516, 1972.866355, 6919.160870
727, 7.270000, 4948.607213, 1985.534509, 6934.141721
728, 7.280000, 4949.409736, 1975.294977, 6924.704713
729, 7.290000, 4950.081219, 1974.954148, 6925.035367
730, 7.300000, 4951.214095, 1977.864280, 6929.078375
731, 7.310000, 4950.062052, 2002.150587, 6952.212639
732, 7.320000, 4947.784631, 2017.102305, 6964.886937
733, 7.330000, 4946.324993, 1999.144609, 6945.469602
734, 7.340000, 4945.864738, 1982.977676, 6928.842415
735, 7.350000, 4945.018062, 1997.965230, 6942.983292
736, 7.360000, 4942.482061, 2016.178906, 6958.660967
737, 7.370000, 4940.325362, 2008.198297, 6948.523658
738, 7.380000, 4938.571372, 2004.709611, 6943.280983
739, 7.390000, 4937.645018, 2021.311994, 6958.957012
740, 7.400000, 4937.653530, 2032.221315, 6969.874846
741, 7.410000, 4939.591214, 2016.920366, 6956.511579
742, 7.420000, 4942.111622, 2003.308645, 6945.420267
743, 7.430000, 4944.750829, 2009.648328, 6954.399156
744, 7.440000, 4947.221016, 2010.742131, 6957.963147
745, 7.450000, 4949.030471, 1991.111846, 6940.142317
746, 7.460000, 4950.962988, 1973.501870, 6924.464858
747, 7.470000, 4953.609147, 1964.664897, 6918.274044
748, 7.480000, 4956.324132, 1974.204497, 6930.528629
749, 7.490000, 4960.199995, 1978.481665, 6938.681660
750, 7.500000, 4964.861286, 1959.610609, 6924.471895
751, 7.510000, 4970.788305, 1934.864897, 6905.653202
752, 7.520000, 4976.761378, 1915.274111, 6892.035490
753, 7.530000, 4983.721385, 1914.545927, 6898.267312
754, 7.540000, 4991.775383, 1920.972279, 6912.747663
755, 7.550000, 4999.721979, 1909.531696, 6909.253675
756, 7.560000, 5007.417827, 1887.139503, 6894.557330
757, 7.570000, 5013.552528, 1869.795210, 6883.347738
758, 7.580000, 5016.868735, 1887.253605, 6904.122340
759, 7.590000, 5019.085160, 1915.311016, 6934.396176
760, 7.600000, 5020.290673, 1921.675983, 6941.966655
761, 7.610000, 5020.524689, 1913.750063, 6934.274753
762, 7.620000, 5017.193216, 1901.029302, 6918.222518
763, 7.630000, 5011.319299, 1926.457763, 6937.777062
764, 7.640000, 5004.076236, 1959.148983, 6963.225220
765, 7.650000, 4997.019101, 1963.653376, 6960.672478
766, 7.660000, 4989.221330, 1972.299672, 6961.521001
767, 7.670000, 4982.633335, 1998.766117, 6981.399452
768, 7.680000, 4978.298067, 2015.469738, 6993.767804
769, 7.690000, 4976.876900, 2005.242838, 6982.119739
770, 7.700000, 4978.455543, 1987.016742, 6965.472285
771, 7.710000, 4981.043808, 1972.464748, 6953.508556
772, 7.720000, 4985.024156, 1966.924654, 6951.948810
773, 7.730000, 4989.060633, 1974.176130, 6963.236763
774, 7.740000, 4991.222848, 1964.172561, 6955.395409
775, 7.750000, 4993.736765, 1939.844416, 6933.581180
776, 7.760000, 4993.670695, 1928.343075, 6922.013770
777, 7.770000, 4991.686871, 1941.544485, 6933.231356
778, 7.780000, 4987.165241, 1964.431685, 6951.596926
779, 7.790000, 4980.547812, 1965.254439, 6945.802251
780, 7.800000, 4973.396623, 1956.938452, 6930.335075
781, 7.810000, 4965.087994, 1966.393489, 6931.481483
782, 7.820000, 4956.403568, 1976.855502, 6933.259070
783, 7.830000, 4948.534451, 1972.463272, 6920.997723
784, 7.840000, 4942.070829, 1971.542477, 6913.613307
785, 7.850000, 4936.356732, 1984.289005, 6920.645737
786, 7.860000, 4931.909339, 1993.324975, 6925.234314
787, 7.870000, 4929.308665, 1986.423350, 6915.732015
788, 7.880000, 4928.003345, 1979.964052, 6907.967397
789, 7.890000, 4927.697324, 1972.166157, 6899.863481
790, 7.900000, 4927.599774, 1983.315598, 6910.915372
791, 7.910000, 4927.335191, 1987.002137, 6914.337328
792, 7.920000, 4927.180250, 1978.480143, 6905.660394
793, 7.930000, 4927.985928, 1963.064918, 6891.050846
794, 7.940000, 4926.677972, 1943.605032, 6870.283003
795, 7.950000, 4925.238132, 1957.764618, 6883.002750
796, 7.960000, 4922.277500, 1963.560831, 6885.838331
797, 7.970000, 4919.401179, 1948.715942, 6868.117121
798, 7.980000, 4916.966384, 1942.202437, 6859.168821
799, 7.990000, 4917.367261, 1948.421623, 6865.788884
800, 8.000000, 4919.222246, 1960.452961, 6879.675207
801, 8.010000, 4921.985924, 1955.332776, 6877.318700
802, 8.020000, 4927.008786, 1936.870599, 6863.879385
803, 8.030000, 4931.820020, 1937.147358, 6868.967379
804, 8.040000, 4936.932397, 1940.011179, 6876.943576
805, 8.050000, 4940.619466, 1913.051234, 6853.670699
806, 8.060000, 4942.247001, 1893.804602, 6836.051603
807, 8.070000, 4942.556487, 1909.190731, 6851.747218
808, 8.080000, 4942.864978, 1912.732616, 6855.597594
809, 8.090000, 4942.213875, 1900.880989, 6843.094864
810, 8.100000, 4940.022960, 1896.932942, 6836.955902
811, 8.110000, 4938.092488, 1908.123454, 6846.215942
812, 8.120000, 4935.596922, 1921.955324, 6857.552246
813, 8.130000, 4933.520291, 1916.439743, 6849.960034
814, 8.140000, 4931.935798, 1901.781615, 6833.717413
815, 8.150000, 4929.671132, 1881.425174, 6811.096306
816, 8.160000, 4926.731220, 1885.069778, 6811.800998
817, 8.170000, 4923.684504, 1896.351416, 6820.035920
818, 8.180000, 4920.749279, 1889.852784, 6810.602063
819, 8.190000, 4918.607574, 1888.641795, 6807.249370
820, 8.200000, 4916.172123, 1877.268376, 6793.440500
821, 8.210000, 4912.425559, 1884.147997, 6796.573556
822, 8.220000, 4908.681037, 1904.598434, 6813.279471
823, 8.230000, 4905.327670, 1901.198151, 6806.525821
824, 8.240000, 4901.182958, 1901.682057, 6802.865015
825, 8.250000, 4898.404926, 1904.263832, 6802.668758
826, 8.260000, 4895.788045, 1919.601529, 6815.389574
827, 8.270000, 4892.841803, 1937.261586, 6830.103389
828, 8.280000, 4888.275682, 1935.041697, 6823.317379
829, 8.290000, 4883.159818, 1923.117410, 6806.277228
830, 8.300000, 4876.685277, 1915.815729, 6792.501006
831, 8.310000, 4868.508942, 1948.077802, 6816.586744
832, 8.320000, 4859.151784, 1972.458540, 6831.610324
833, 8.330000, 4851.745924, 1964.852272, 6816.598196
834, 8.340000, 4845.503555, 1957.912792, 6803.416348
835, 8.350000, 4841.323433, 1950.532535, 6791.855967
836, 8.360000, 4838.729811, 1969.304207, 6808.034018
837, 8.370000, 4837.178322, 1983.140267, 6820.318589
838, 8.380000, 4837.847592, 1970.593603, 6808.441195
839, 8.390000, 4840.938161, 1948.546526, 6789.484687
840, 8.400000, 4844.384079, 1928.375409, 6772.759488
841, 8.410000, 4847.449097, 1934.326262, 6781.775359
842, 8.420000, 4850.670134, 1936.595195, 6787.265329
843, 8.430000, 4852.682528, 1923.886387, 6776.568916
844, 8.440000, 4852.422186, 1920.328992, 6772.751178
845, 8.450000, 4850.310400, 1924.525047, 6774.835447
846, 8.460000, 4847.571260, 1937.626975, 6785.198234
847, 8.470000, 4845.209696, 1943.782780, 6788.992476
848, 8.480000, 4843.804781, 1945.608190, 6789.412971
849, 8.490000, 4841.340157, 1949.675064, 6791.015222
850, 8.500000, 4840.088259, 1935.456865, 6775.545124
851, 8.510000, 4838.411536, 1938.089429, 6776.500965
852, 8.520000, 4836.735882, 1942.325671, 6779.061554
853, 8.530000, 4833.544606, 1926.550834, 6760.095440
854, 8.540000, 4828.807466, 1922.704792, 6751.512258
855, 8.550000, 4824.543351, 1944.918319, 6769.461670
856, 8.560000, 4821.738775, 1966.600212, 6788.338987
857, 8.570000, 4820.685685, 1967.809256, 6788.494941
858, 8.580000, 4822.183846, 1962.437570, 6784.621416
859, 8.590000, 4822.066058, 1967.803149, 6789.869207
860, 8.600000, 4822.121882, 1978.330969, 6800.452851
861, 8.610000, 4822.959453, 1971.331587, 6794.291040
862, 8.620000, 4823.815740, 1957.068973, 6780.884712
863, 8.630000, 4823.828235, 1955.413128, 6779.241363
864, 8.640000, 4822.762991, 1958.993055, 6781.756047
865, 8.650000, 4823.246363, 1951.378832, 6774.625195
866, 8.660000, 4823.912592, 1945.850220, 6769.762812
867, 8.670000, 4825.132882, 1966.225157, 6791.358039
868, 8.680000, 4826.818864, 1971.622469, 6798.441334
869, 8.690000, 4829.315178, 1949.037279, 6778.352457
870, 8.700000, 4832.129411, 1940.858663, 6772.988074
871, 8.710000, 4834.527945, 1935.602731, 6770.130676
872, 8.720000, 4836.538591, 1938.615489, 6775.154080
873, 8.730000, 4838.947241, 1938.457125, 6777.404366
874, 8.740000, 4842.292672, 1932.464228, 6774.756900
875, 8.750000, 4847.936280, 1927.281991, 6775.218271
876, 8.760000, 4855.116948, 1913.709732, 6768.826680
877, 8.770000, 4863.256474, 1919.480599, 6782.737073
878, 8.780000, 4870.617842, 1928.138143, 6798.755985
879, 8.790000, 4878.265804, 1917.962242, 6796.228046
880, 8.800000, 4884.794320, 1904.186031, 6788.980351
881, 8.810000, 4890.867904, 1885.287197, 6776.155102
882, 8.820000, 4896.593696, 1882.228230, 6778.821925
883, 8.830000, 4901.812115, 1887.199830, 6789.011946
884, 8.840000, 4906.727219, 1877.709372, 6784.436591
885, 8.850000, 4910.116058, 1868.819094, 6778.935152
886, 8.860000, 4911.407628, 1858.052993, 6769.460621
887, 8.870000, 4910.622673, 1864.221271, 6774.843944
888, 8.880000, 4908.319030, 1874.599585, 6782.918615
889, 8.890000, 4904.934866, 1865.193502, 6770.128368
890, 8.900000, 4899.490329, 1864.244500, 6763.734829
891, 8.910000, 4892.257392, 1869.668726, 6761.926118
892, 8.920000, 4885.272496, 1887.827098, 6773.099594
893, 8.930000, 4879.416010, 1898.440437, 6777.856446
894, 8.940000, 4872.995952, 1897.279805, 6770.275756
895, 8.950000, 4866.731668, 1900.093474, 6766.825143
896, 8.960000, 4860.328322, 1890.360361, 6750.688683
897, 8.970000, 4855.169988, 1903.085628, 6758.255616
898, 8.980000, 4851.301981, 1927.612801, 6778.914782
899, 8.990000, 4848.651380, 1927.402202, 6776.053582
900, 9.000000, 4848.150484, 1917.753337, 6765.903821
901, 9.010000, 4848.763133, 1906.349772, 6755.112905
902, 9.020000, 4850.693698, 1919.523314, 6770.217012
903, 9.030000, 4853.656065, 1927.535585, 6781.191649
904, 9.040000, 4857.670255, 1916.539769, 6774.210024
905, 9.050000, 4863.170495, 1913.658440, 6776.828935
906, 9.060000, 4871.035558, 1907.625076, 6778.660634
907, 9.070000, 4879.195475, 1912.662030, 6791.857505
908, 9.080000, 4887.778191, 1910.758026, 6798.536218
909, 9.090000, 4896.793574, 1889.244561, 6786.038135
910, 9.100000, 4904.280340, 1874.796560, 6779.076900
911, 9.110000, 4910.157332, 1856.278874, 6766.436206
912, 9.120000, 4915.448166, 1859.051422, 6774.499588
913, 9.130000, 4919.021466, 1869.808051, 6788.829516
914, 9.140000, 4921.944773, 1856.376056, 6778.320829
915, 9.150000, 4923.284904, 1839.575576, 6762.860480
916, 9.160000, 4924.449992, 1822.378137, 6746.828129
917, 9.170000, 4924.269499, 1828.488454, 6752.757954
918, 9.180000, 4921.190694, 1850.281340, 6771.472033
919, 9.190000, 4918.271431, 1848.425146, 6766.696577
920, 9.200000, 4914.543266, 1832.135508, 6746.678774
921, 9.210000, 4911.118201, 1816.629843, 6727.748044
922, 9.220000, 4906.187022, 1833.997729, 6740.184751
923, 9.230000, 4902.530566, 1853.883612, 6756.414178
924, 9.240000, 4900.735995, 1844.416730, 6745.152725
925, 9.250000, 4901.388797, 1836.202600, 6737.591397
926, 9.260000, 4903.463926, 1819.088726, 6722.552652
927, 9.270000, 4906.153870, 1819.147779, 6725.301649
928, 9.280000, 4909.835775, 1828.554375, 6738.390150
929, 9.290000, 4914.916314, 1812.764777, 6727.681091
930, 9.300000, 4919.294925, 1802.458425, 6721.753350
931, 9.310000, 4923.440222, 1795.716669, 6719.156891
932, 9.320000, 4927.279748, 1806.041543, 6733.321290
933, 9.330000, 4931.172804, 1820.036230, 6751.209034
934, 9.340000, 4935.278831, 1813.760928, 6749.039760
935, 9.350000, 4939.757568, 1803.141877, 6742.899445
936, 9.360000, 4941.373853, 1807.289270, 6748.663123
937, 9.370000, 4942.444410, 1824.389715, 6766.834125
938, 9.380000, 4942.960725, 1825.833392, 6768.794117
939, 9.390000, 4943.676872, 1818.766589, 6762.443461
940, 9.400000, 4943.130795, 1814.493646, 6757.624441
941, 9.410000, 4942.579659, 1803.451749, 6746.031409
942, 9.420000, 4943.258640, 1810.575869, 6753.834509
943, 9.430000, 4942.567722, 1824.913780, 6767.481502
944, 9.440000, 4943.490136, 1816.996057, 6760.486193
945, 9.450000, 4944.732598, 1806.741516, 6751.474114
946, 9.460000, 4945.781536, 1810.828755, 6756.610291
947, 9.470000, 4947.249500, 1823.463263, 6770.712763
948, 9.480000, 4949.276944, 1822.517274, 6771.794218
949, 9.490000, 4950.733864, 1809.389513, 6760.123377
950, 9.500000, 4950.549644, 1797.678578, 6748.228222
951, 9.510000, 4950.339183, 1793.496883, 6743.836066
952, 9.520000, 4949.781063, 1820.407932, 6770.188995
953, 9.530000, 4948.671953, 1837.586638, 6786.258591
954, 9.540000, 4946.658008, 1832.406652, 6779.064660
955, 9.550000, 4943.250786, 1837.568704, 6780.819490
956, 9.560000, 4938.891622, 1835.276041, 6774.167664
957, 9.570000, 4933.432741, 1843.674802, 6777.107543
958, 9.580000, 4928.799937, 1855.917595, 6784.717532
959, 9.590000, 4924.441630, 1855.218242, 6779.659872
960, 9.600000, 4919.652281, 1856.030646, 6775.682927
961, 9.610000, 4915.392814, 1855.116074, 6770.508887
962, 9.620000, 4910.840286, 1875.783382, 6786.623668
963, 9.630000, 4907.361912, 1892.290636, 6799.652548
964, 9.640000, 4903.994311, 1879.032176, 6783.026487
965, 9.650000, 4901.057864, 1869.597413, 6770.655277
966, 9.660000, 4897.408047, 1862.634430, 6760.042477
967, 9.670000, 4894.675394, 1872.121894, 6766.797288
968, 9.680000, 4892.106077, 1871.152462, 6763.258539
969, 9.690000, 4890.182749, 1857.773337, 6747.956086
970, 9.700000, 4888.137240, 1859.043872, 6747.181112
971, 9.710000, 4886.676610, 1858.705280, 6745.381890
972, 9.720000, 4885.719022, 1868.669499, 6754.388521
973, 9.730000, 4885.366790, 1871.000854, 6756.367644
974, 9.740000, 4885.811514, 1858.385061, 6744.196574
975, 9.750000, 4886.718646, 1854.081694, 6740.800339
976, 9.760000, 4887.131029, 1848.405851, 6735.536881
977, 9.770000, 4889.107234, 1855.116214, 6744.223447
978, 9.780000, 4890.637818, 1863.794298, 6754.432116
979, 9.790000, 4893.069465, 1861.087696, 6754.157161
980, 9.800000, 4897.167304, 1857.804971, 6754.972276
981, 9.810000, 4901.482788, 1844.856577, 6746.339365
982, 9.820000, 4904.756996, 1844.911868, 6749.668864
983, 9.830000, 4905.933469, 1844.366595, 6750.300063
984, 9.840000, 4905.436924, 1827.898171, 6733.335095
985, 9.850000, 4902.716267, 1817.627547, 6720.343814
986, 9.860000, 4897.026843, 1822.058413, 6719.085256
987, 9.870000, 4890.039726, 1842.816181, 6732.855907
988, 9.880000, 4883.053591, 1855.742920, 6738.796511
989, 9.890000, 4877.441755, 1843.330569, 6720.772324
990, 9.900000, 4872.056396, 1836.650609, 6708.707005
991, 9.910000, 4866.870562, 1837.827383, 6704.697945
992, 9.920000, 4862.548390, 1854.249283, 6716.797673
993, 9.930000, 4858.489969, 1869.488463, 6727.978431
994, 9.940000, 4854.372811, 1865.516426, 6719.889236
995, 9.950000, 4851.726812, 1852.446244, 6704.173056
996, 9.960000, 4850.653129, 1855.043582, 6705.696712
997, 9.970000, 4852.378326, 1860.003658, 6712.381985
998, 9.980000, 4856.690258, 1851.128472, 6707.818729
999, 9.990000, 4860.751664, 1828.408517, 6689.160182
1000, 10.000000, 4864.045766, 1821.521045, 6685.566812
1001, 10.010000, 4866.133049, 1830.292782, 6696.425830
1002, 10.020000, 4867.154712, 1830.471367, 6697.626080
1003, 10.030000, 4867.314236, 1836.827642, 6704.141878
1004, 10.040000, 4865.641491, 1854.426991, 6720.068482
1005, 10.050000, 4863.327425, 1864.632367, 6727.959792
1006, 10.060000, 4860.603248, 1853.706314, 6714.309561
1007, 10.070000, 4856.927748, 1837.222415, 6694.150163
1008, 10.080000, 4853.016023, 1825.905117, 6678.921140
1009, 10.090000, 4848.633674, 1838.169771, 6686.803445
1010, 10.100000, 4844.719334, 1856.530227, 6701.249561
1011, 10.110000, 4842.925389, 1858.648397, 6701.573786
1012, 10.120000, 4841.416791, 1852.594408, 6694.011199
1013, 10.130000, 4841.669324, 1846.019109, 6687.688433
1014, 10.140000, 4842.231826, 1854.970136, 6697.201963
1015, 10.150000, 4843.940489, 1859.725888, 6703.666377
1016, 10.160000, 4846.451119, 1854.026233, 6700.477352
1017, 10.170000, 4849.688196, 1849.788784, 6699.476980
1018, 10.180000, 4855.463255, 1839.589679, 6695.052934
1019, 10.190000, 4862.498840, 1847.771314, 6710.270154
1020, 10.200000, 4869.479811, 1850.075615, 6719.555426
1021, 10.210000, 4876.750703, 1833.744568, 6710.495271
1022, 10.220000, 4883.772689, 1823.531351, 6707.304040
1023, 10.230000, 4890.727474, 1808.309270, 6699.036744
1024, 10.240000, 4896.656574, 1814.700603, 6711.357177
1025, 10.250000, 4900.404254, 1818.399613, 6718.803867
1026, 10.260000, 4902.286001, 1804.264106, 6706.550106
1027, 10.270000, 4901.842303, 1796.688041, 6698.530344
1028, 10.280000, 4900.311818, 1798.077420, 6698.389237
1029, 10.290000, 4896.329780, 1819.031674, 6715.361453
1030, 10.300000, 4890.531596, 1836.795979, 6727.327575
1031, 10.310000, 4884.575646, 1843.002113, 6727.577759
1032, 10.320000, 4878.355787, 1844.175942, 6722.531729
1033, 10.330000, 4874.228991, 1837.352997, 6711.581988
1034, 10.340000, 4872.222056, 1855.091329, 6727.313385
1035, 10.350000, 4871.746949, 1877.164146, 6748.911095
1036, 10.360000, 4873.619397, 1871.054625, 6744.674022
1037, 10.370000, 4877.284205, 1851.831106, 6729.115310
1038, 10.380000, 4879.644004, 1831.966104, 6711.610108
1039, 10.390000, 4882.021133, 1837.771297, 6719.792430
1040, 10.400000, 4883.009822, 1851.106081, 6734.115902
1041, 10.410000, 4883.139810, 1848.654119, 6731.793929
1042, 10.420000, 4880.891478, 1839.178384, 6720.069862
1043, 10.430000, 4877.854945, 1825.430730, 6703.285675
1044, 10.440000, 4875.058751, 1837.931227, 6712.989978
1045, 10.450000, 4872.001827, 1855.187289, 6727.189117
1046, 10.460000, 4869.584940, 1853.082985, 6722.667925
1047, 10.470000, 4867.845074, 1844.836387, 6712.681461
1048, 10.480000, 4864.814016, 1838.452137, 6703.266152
1049, 10.490000, 4860.485337, 1853.937007, 6714.422344
1050, 10.500000, 4856.559653, 1857.030017, 6713.589670
1051, 10.510000, 4852.052556, 1847.082493, 6699.135049
1052, 10.520000, 4846.087723, 1846.118156, 6692.205879
1053, 10.530000, 4840.759254, 1838.210054, 6678.969308
1054, 10.540000, 4838.197279, 1843.294046, 6681.491325
1055, 10.550000, 4835.510478, 1852.333801, 6687.844279
1056, 10.560000, 4833.451332, 1841.317011, 6674.768344
1057, 10.570000, 4832.215758, 1828.377863, 6660.593621
1058, 10.580000, 4830.012625, 1822.052369, 6652.064994
1059, 10.590000, 4828.388309, 1836.210465, 6664.598774
1060, 10.600000, 4825.570156, 1851.305292, 6676.875448
1061, 10.610000, 4824.072657, 1845.664007, 6669.736665
1062, 10.620000, 4822.344048, 1836.128482, 6658.472530
1063, 10.630000, 4820.284605, 1846.659894, 6666.944499
1064, 10.640000, 4818.697455, 1857.069051, 6675.766506
1065, 10.650000, 4816.564870, 1852.581617, 6669.146486
1066, 10.660000, 4814.094662, 1848.909328, 6663.003990
1067, 10.670000, 4810.756798, 1852.804193, 6663.560990
1068, 10.680000, 4807.026256, 1874.735584, 6681.761840
1069, 10.690000, 4803.229732, 1888.010154, 6691.239886
1070, 10.700000, 4800.001891, 1886.101112, 6686.103004
1071, 10.710000, 4797.158240, 1886.580069, 6683.738308
1072, 10.720000, 4795.006358, 1893.092755, 6688.099113
1073, 10.730000, 4794.614506, 1914.751340, 6709.365846
1074, 10.740000, 4795.166477, 1925.119713, 6720.286190
1075, 10.750000, 4798.020453, 1914.877505, 6712.897958
1076, 10.760000, 4800.965317, 1906.117401, 6707.082717
1077, 10.770000, 4805.216183, 1893.078107, 6698.294290
1078, 10.780000, 4810.236484, 1901.981786, 6712.218270
1079, 10.790000, 4816.960926, 1913.345457, 6730.306383
1080, 10.800000, 4823.946682, 1899.306707, 6723.253389
1081, 10.810000, 4830.904343, 1890.053974, 6720.958316
1082, 10.820000, 4837.912391, 1883.826520, 6721.738911
1083, 10.830000, 4844.444321, 1892.597555, 6737.041876
1084, 10.840000, 4849.503649, 1902.647038, 6752.150687
1085, 10.850000, 4853.051326, 1889.592635, 6742.643962
1086, 10.860000, 4855.378109, 1877.040692, 6732.418801
1087, 10.870000, 4855.286207, 1872.536903, 6727.823109
1088, 10.880000, 4853.174820, 1886.036092, 6739.210912
1089, 10.890000, 4850.167542, 1900.323344, 6750.490886
1090, 10.900000, 4847.456603, 1903.244446, 6750.701049
1091, 10.910000, 4844.820521, 1897.504924, 6742.325445
1092, 10.920000, 4840.920328, 1896.986667, 6737.906996
1093, 10.930000, 4836.436313, 1918.241794, 6754.678106
1094, 10.940000, 4832.407227, 1930.645884, 6763.053111
1095, 10.950000, 4829.101009, 1930.813170, 6759.914179
1096, 10.960000, 4827.104362, 1922.575936, 6749.680298
1097, 10.970000, 4824.532994, 1933.617365, 6758.150359
1098, 10.980000, 4821.959775, 1949.032134, 6770.991909
1099, 10.990000, 4820.761344, 1944.587297, 6765.348641
1100, 11.000000, 4821.277347, 1942.624255, 6763.901602
1101, 11.010000, 4823.769350, 1950.666352, 6774.435702
1102, 11.020000, 4828.547793, 1958.800815, 6787.348609
1103, 11.030000, 4834.358752, 1949.095534, 6783.454286
1104, 11.040000, 4840.686797, 1932.532806, 6773.219603
1105, 11.050000, 4846.221749, 1911.868402, 6758.090151
1106, 11.060000, 4852.702396, 1914.405528, 6767.107924
1107, 11.070000, 4859.519570, 1912.998778, 6772.518348
1108, 11.080000, 4866.135038, 1886.143375, 6752.278413
1109, 11.090000, 4870.860145, 1875.433854, 6746.293999
1110, 11.100000, 4874.616571, 1862.008932, 6736.625504
1111, 11.110000, 4875.183141, 1874.544928, 6749.728069
1112, 11.120000, 4873.973691, 1889.388658, 6763.362349
1113, 11.130000, 4872.327637, 1882.896885, 6755.224522
1114, 11.140000, 4870.279785, 1891.904229, 6762.184014
1115, 11.150000, 4869.287405, 1899.654272, 6768.941677
1116, 11.160000, 4868.978518, 1921.219267, 6790.197785
1117, 11.170000, 4869.126304, 1938.665978, 6807.792283
1118, 11.180000, 4868.402268, 1930.893291, 6799.295559
1119, 11.190000, 4866.024922, 1920.081600, 6786.106522
1120, 11.200000, 4861.830418, 1909.150775, 6770.981193
1121, 11.210000, 4856.108991, 1924.394415, 6780.503406
1122, 11.220000, 4849.365065, 1932.965145, 6782.330210
1123, 11.230000, 4842.784234, 1930.108965, 6772.893199
1124, 11.240000, 4836.490699, 1933.083191, 6769.573890
1125, 11.250000, 4830.654206, 1927.622864, 6758.277070
1126, 11.260000, 4825.832193, 1935.080327, 6760.912520
1127, 11.270000, 4822.181187, 1935.890631, 6758.071818
1128, 11.280000, 4817.374176, 1923.410241, 6740.784417
1129, 11.290000, 4814.218233, 1912.549529, 6726.767762
1130, 11.300000, 4811.035764, 1901.771914, 6712.807678
1131, 11.310000, 4807.645466, 1911.418537, 6719.064003
1132, 11.320000, 4804.574347, 1918.062073, 6722.636419
1133, 11.330000, 4803.103635, 1898.578697, 6701.682332
1134, 11.340000, 4803.399972, 1884.546654, 6687.946626
1135, 11.350000, 4803.919664, 1880.226740, 6684.146404
1136, 11.360000, 4805.587490, 1885.817003, 6691.404493
1137, 11.370000, 4809.487803, 1889.983842, 6699.471646
1138, 11.380000, 4813.900611, 1872.355359, 6686.255970
1139, 11.390000, 4819.014220, 1852.962981, 6671.977201
1140, 11.400000, 4824.027553, 1835.109934, 6659.137486
1141, 11.410000, 4829.789653, 1831.146678, 6660.936330
1142, 11.420000, 4835.525513, 1836.197863, 6671.723376
1143, 11.430000, 4840.759876, 1822.819394, 6663.579270
1144, 11.440000, 4845.761836, 1815.357161, 6661.118997
1145, 11.450000, 4850.438630, 1803.537736, 6653.976366
1146, 11.460000, 4853.090240, 1810.654821, 6663.745060
1147, 11.470000, 4855.291367, 1819.629708, 6674.921075
1148, 11.480000, 4856.348738, 1811.216846, 6667.565584
1149, 11.490000, 4854.488541, 1807.518882, 6662.007423
1150, 11.500000, 4851.575566, 1799.172713, 6650.748279
1151, 11.510000, 4847.438953, 1810.513739, 6657.952692
1152, 11.520000, 4842.947988, 1813.843510, 6656.791497
1153, 11.530000, 4839.628725, 1801.391450, 6641.020175
1154, 11.540000, 4834.870828, 1798.787672, 6633.658500
1155, 11.550000, 4828.765825, 1795.453348, 6624.219173
1156, 11.560000, 4823.328081, 1811.817121, 6635.145202
1157, 11.570000, 4816.863151, 1831.631877, 6648.495028
1158, 11.580000, 4810.521014, 1836.483358, 6647.004371
1159, 11.590000, 4805.902704, 1844.789795, 6650.692499
1160, 11.600000, 4802.244100, 1847.581483, 6649.825584
1161, 11.610000, 4799.179570, 1869.361087, 6668.540657
1162, 11.620000, 4798.106986, 1886.128739, 6684.235724
1163, 11.630000, 4799.069646, 1876.577643, 6675.647289
1164, 11.640000, 4803.195019, 1863.768265, 6666.963283
1165, 11.650000, 4810.019051, 1844.414120, 6654.433171
1166, 11.660000, 4818.681020, 1842.562373, 6661.243392
1167, 11.670000, 4829.530407, 1834.250298, 6663.780705
1168, 11.680000, 4841.676096, 1802.505082, 6644.181178
1169, 11.690000, 4854.786267, 1780.238134, 6635.024401
1170, 11.700000, 4867.304770, 1765.533241, 6632.838011
1171, 11.710000, 4877.819703, 1769.611936, 6647.431638
1172, 11.720000, 4885.714292, 1774.202217, 6659.916509
1173, 11.730000, 4889.322342, 1769.118954, 6658.441296
1174, 11.740000, 4892.378690, 1763.033770, 6655.412460
1175, 11.750000, 4892.798867, 1761.103760, 6653.902626
1176, 11.760000, 4892.274966, 1780.863500, 6673.138466
1177, 11.770000, 4889.569522, 1801.251513, 6690.821035
1178, 11.780000, 4885.025169, 1803.564924, 6688.590093
1179, 11.790000, 4880.277353, 1801.911401, 6682.188755
1180, 11.800000, 4874.626589, 1804.447860, 6679.074449
1181, 11.810000, 4869.599660, 1822.801674, 6692.401334
1182, 11.820000, 4864.541890, 1832.962511, 6697.504400
1183, 11.830000, 4861.631473, 1825.778046, 6687.409519
1184, 11.840000, 4859.643966, 1810.524689, 6670.168655
1185, 11.850000, 4858.156515, 1792.603362, 6650.759877
1186, 11.860000, 4858.479507, 1801.807456, 6660.286962
1187, 11.870000, 4858.879683, 1821.656392, 6680.536075
1188, 11.880000, 4859.263866, 1830.373010, 6689.636876
1189, 11.890000, 4860.465414, 1829.773193, 6690.238606
1190, 11.900000, 4862.218670, 1819.247594, 6681.466264
1191, 11.910000, 4863.201027, 1820.578634, 6683.779661
1192, 11.920000, 4863.984539, 1822.466985, 6686.451524
1193, 11.930000, 4865.791286, 1820.193335, 6685.984621
1194, 11.940000, 4866.887001, 1821.312336, 6688.199337
1195, 11.950000, 4866.591191, 1816.085749, 6682.676940
1196, 11.960000, 4866.729133, 1819.909243, 6686.638376
1197, 11.970000, 4866.436844, 1827.669778, 6694.106622
1198, 11.980000, 4866.371803, 1822.497118, 6688.868921
1199, 11.990000, 4866.416114, 1816.717786, 6683.133901
1200, 12.000000, 4866.716235, 1801.895112, 6668.611348
1201, 12.010000, 4865.865175, 1811.726689, 6677.591864
1202, 12.020000, 4866.470017, 1817.713813, 6684.183829
1203, 12.030000, 4868.261815, 1803.853751, 6672.115566
1204, 12.040000, 4871.694936, 1797.239300, 6668.934236
1205, 12.050000, 4875.931211, 1787.235689, 6663.166900
1206, 12.060000, 4880.196966, 1792.845865, 6673.042831
1207, 12.070000, 4885.497562, 1796.185372, 6681.682934
1208, 12.080000, 4890.647900, 1781.997280, 6672.645180
1209, 12.090000, 4893.632361, 1776.585991, 6670.218352
1210, 12.100000, 4895.291529, 1772.310380, 6667.601908
1211, 12.110000, 4895.766211, 1781.997383, 6677.763594
1212, 12.120000, 4895.413353, 1799.282435, 6694.695788
1213, 12.130000, 4894.868622, 1791.828934, 6686.697556
1214, 12.140000, 4893.098302, 1785.651576, 6678.749878
1215, 12.150000, 4889.917678, 1783.094441, 6673.012119
1216, 12.160000, 4885.779018, 1796.496257, 6682.275276
1217, 12.170000, 4883.593890, 1816.325175, 6699.919064
1218, 12.180000, 4882.296511, 1813.644806, 6695.941317
1219, 12.190000, 4881.212964, 1806.464740, 6687.677704
1220, 12.200000, 4880.623943, 1795.275642, 6675.899585
1221, 12.210000, 4879.290004, 1804.859024, 6684.149028
1222, 12.220000, 4878.647402, 1815.499426, 6694.146829
1223, 12.230000, 4879.310139, 1803.044039, 6682.354178
1224, 12.240000, 4880.611678, 1793.230215, 6673.841893
1225, 12.250000, 4880.438637, 1774.794112, 6655.232750
1226, 12.260000, 4879.779188, 1770.469479, 6650.248667
1227, 12.270000, 4879.614917, 1774.861684, 6654.476601
1228, 12.280000, 4878.894153, 1775.568236, 6654.462390
1229, 12.290000, 4878.957334, 1781.531893, 6660.489227
1230, 12.300000, 4879.631385, 1791.143086, 6670.774471
1231, 12.310000, 4881.130691, 1792.867941, 6673.998633
1232, 12.320000, 4881.890228, 1784.219087, 6666.109315
1233, 12.330000, 4882.314419, 1778.601823, 6660.916242
1234, 12.340000, 4882.150617, 1779.314229, 6661.464846
1235, 12.350000, 4881.243464, 1804.988204, 6686.231668
1236, 12.360000, 4879.507761, 1823.157018, 6702.664779
1237, 12.370000, 4876.586337, 1824.948186, 6701.534523
1238, 12.380000, 4873.310844, 1830.237237, 6703.548081
1239, 12.390000, 4869.639148, 1818.488990, 6688.128138
1240, 12.400000, 4865.566333, 1827.833184, 6693.399517
1241, 12.410000, 4862.265121, 1839.706761, 6701.971882
1242, 12.420000, 4859.934805, 1836.982702, 6696.917507
1243, 12.430000, 4859.226521, 1832.638247, 6691.864769
1244, 12.440000, 4859.184907, 1836.913924, 6696.098831
1245, 12.450000, 4860.906270, 1848.892764, 6709.799034
1246, 12.460000, 4862.960430, 1836.703910, 6699.664339
1247, 12.470000, 4865.340600, 1820.615069, 6685.955669
1248, 12.480000, 4866.989969, 1805.585769, 6672.575738
1249, 12.490000, 4867.549971, 1814.258522, 6681.808493
1250, 12.500000, 4867.577674, 1819.497019, 6687.074693
1251, 12.510000, 4867.528631, 1805.749160, 6673.277791
1252, 12.520000, 4868.751720, 1792.721453, 6661.473174
1253, 12.530000, 4868.857654, 1787.708538, 6656.566191
1254, 12.540000, 4868.007573, 1796.442598, 6664.450172
1255, 12.550000, 4868.258684, 1802.903043, 6671.161727
1256, 12.560000, 4868.924208, 1802.001751, 6670.925960
1257, 12.570000, 4869.173572, 1792.107451, 6661.281023
1258, 12.580000, 4867.952649, 1782.535856, 6650.488505
1259, 12.590000, 4863.781617, 1803.722957, 6667.504573
1260, 12.600000, 4858.772359, 1824.025440, 6682.797799
1261, 12.610000, 4853.185455, 1819.306221, 6672.491676
1262, 12.620000, 4847.799794, 1812.235617, 6660.035411
1263, 12.630000, 4845.301876, 1798.615015, 6643.916891
1264, 12.640000, 4844.203083, 1814.290384, 6658.493467
1265, 12.650000, 4846.571411, 1821.295245, 6667.866657
1266, 12.660000, 4850.853873, 1797.145076, 6647.998949
1267, 12.670000, 4855.494311, 1782.019047, 6637.513357
1268, 12.680000, 4859.358700, 1770.643792, 6630.002492
1269, 12.690000, 4861.855122, 1777.549690, 6639.404812
1270, 12.700000, 4864.673617, 1791.138178, 6655.811796
1271, 12.710000, 4866.263204, 1786.965297, 6653.228501
1272, 12.720000, 4867.953731, 1777.973973, 6645.927704
1273, 12.730000, 4868.846777, 1760.982370, 6629.829147
1274, 12.740000, 4867.884479, 1767.728314, 6635.612792
1275, 12.750000, 4865.223203, 1779.263021, 6644.486223
1276, 12.760000, 4861.531417, 1767.604179, 6629.135596
1277, 12.770000, 4856.858940, 1755.381372, 6612.240313
1278, 12.780000, 4851.060977, 1747.273375, 6598.334352
1279, 12.790000, 4844.556640, 1759.448405, 6604.005045
1280, 12.800000, 4836.095330, 1774.797136, 6610.892466
1281, 12.810000, 4827.946220, 1772.984488, 6600.930708
1282, 12.820000, 4819.724616, 1772.955895, 6592.680511
1283, 12.830000, 4813.323538, 1770.140169, 6583.463707
1284, 12.840000, 4808.218361, 1779.963259, 6588.181620
1285, 12.850000, 4803.677937, 1791.713090, 6595.391027
1286, 12.860000, 4801.823124, 1782.957934, 6584.781058
1287, 12.870000, 4801.308644, 1765.845435, 6567.154079
1288, 12.880000, 4802.602604, 1749.919178, 6552.521782
1289, 12.890000, 4804.833768, 1753.993642, 6558.827410
1290, 12.900000, 4809.937871, 1756.374802, 6566.312674
1291, 12.910000, 4815.938992, 1740.437474, 6556.376466
1292, 12.920000, 4821.863678, 1730.626284, 6552.489962
1293, 12.930000, 4827.974663, 1730.102665, 6558.077328
1294, 12.940000, 4833.381484, 1743.127220, 6576.508705
1295, 12.950000, 4840.919230, 1749.351112, 6590.270342
1296, 12.960000, 4847.292067, 1742.260091, 6589.552158
1297, 12.970000, 4853.092166, 1737.300403, 6590.392569
1298, 12.980000, 4858.677981, 1727.085084, 6585.763065
1299, 12.990000, 4863.839075, 1732.022664, 6595.861739
1300, 13.000000, 4866.847444, 1741.339572, 6608.187016
1301, 13.010000, 4868.783732, 1730.442384, 6599.226116
1302, 13.020000, 4870.563652, 1719.342059, 6589.905711
1303, 13.030000, 4870.131653, 1715.858209, 6585.989862
1304, 13.040000, 4869.031163, 1729.116475, 6598.147639
1305, 13.050000, 4866.889138, 1738.732994, 6605.622131
1306, 13.060000, 4863.764433, 1738.529359, 6602.293792
1307, 13.070000, 4859.809209, 1741.591609, 6601.400818
1308, 13.080000, 4856.994902, 1739.514870, 6596.509772
1309, 13.090000, 4853.767065, 1759.866365, 6613.633429
1310, 13.100000, 4851.126490, 1788.443754, 6639.570244
1311, 13.110000, 4850.691342, 1792.300123, 6642.991465
1312, 13.120000, 4849.883606, 1790.654787, 6640.538393
1313, 13.130000, 4852.006492, 1787.762532, 6639.769025
1314, 13.140000, 4855.814852, 1803.186691, 6659.001543
1315, 13.150000, 4858.633206, 1818.088556, 6676.721762
1316, 13.160000, 4863.293768, 1808.817528, 6672.111295
1317, 13.170000, 4866.534202, 1800.280458, 6666.814660
1318, 13.180000, 4867.938437, 1797.787325, 6665.725762
1319, 13.190000, 4867.484777, 1811.947654, 6679.432431
1320, 13.200000, 4866.956176, 1821.423640, 6688.379816
1321, 13.210000, 4866.320154, 1810.132021, 6676.452175
1322, 13.220000, 4863.348486, 1793.995761, 6657.344248
1323, 13.230000, 4860.697702, 1784.194980, 6644.892681
1324, 13.240000, 4856.824691, 1799.447208, 6656.271898
1325, 13.250000, 4851.661877, 1823.050635, 6674.712513
1326, 13.260000, 4845.695209, 1833.828924, 6679.524133
1327, 13.270000, 4840.260206, 1827.992301, 6668.252507
1328, 13.280000, 4835.738229, 1838.302483, 6674.040712
1329, 13.290000, 4832.718413, 1860.593544, 6693.311957
1330, 13.300000, 4830.384425, 1859.755729, 6690.140154
1331, 13.310000, 4827.796742, 1845.921283, 6673.718026
1332, 13.320000, 4826.437367, 1851.887833, 6678.325199
1333, 13.330000, 4825.525990, 1866.330142, 6691.856133
1334, 13.340000, 4826.510662, 1864.679345, 6691.190007
1335, 13.350000, 4830.213436, 1853.779452, 6683.992888
1336, 13.360000, 4835.448844, 1862.757098, 6698.205943
1337, 13.370000, 4841.911694, 1872.332361, 6714.244055
1338, 13.380000, 4849.918161, 1846.111070, 6696.029231
1339, 13.390000, 4855.966282, 1812.350266, 6668.316548
1340, 13.400000, 4859.260762, 1787.775087, 6647.035850
1341, 13.410000, 4857.931046, 1796.615060, 6654.546106
1342, 13.420000, 4853.370804, 1820.258934, 6673.629738
1343, 13.430000, 4846.664023, 1830.452194, 6677.116218
1344, 13.440000, 4838.305929, 1839.498163, 6677.804092
1345, 13.450000, 4829.507147, 1864.678158, 6694.185305
1346, 13.460000, 4820.622999, 1882.942542, 6703.565541
1347, 13.470000, 4814.007540, 1883.722541, 6697.730081
1348, 13.480000, 4809.656907, 1883.312088, 6692.968995
1349, 13.490000, 4807.348689, 1903.990598, 6711.339287
1350, 13.500000, 4808.434635, 1918.685608, 6727.120243
1351, 13.510000, 4811.151531, 1912.055880, 6723.207411
1352, 13.520000, 4815.572908, 1907.854714, 6723.427622
1353, 13.530000, 4821.057398, 1915.757647, 6736.815045
1354, 13.540000, 4827.963289, 1909.189269, 6737.152557
1355, 13.550000, 4833.957691, 1885.533129, 6719.490820
1356, 13.560000, 4840.091234, 1872.079271, 6712.170505
1357, 13.570000, 4845.794187, 1866.599623, 6712.393810
1358, 13.580000, 4849.292319, 1886.359834, 6735.652153
1359, 13.590000, 4852.062230, 1895.067289, 6747.129519
1360, 13.600000, 4853.798772, 1888.943591, 6742.742362
1361, 13.610000, 4856.830484, 1885.897766, 6742.728250
1362, 13.620000, 4859.955388, 1893.007902, 6752.963290
1363, 13.630000, 4863.282708, 1892.944091, 6756.226798
1364, 13.640000, 4867.313366, 1873.817617, 6741.130983
1365, 13.650000, 4870.594355, 1858.981935, 6729.576290
1366, 13.660000, 4872.388656, 1851.469433, 6723.858090
1367, 13.670000, 4872.108982, 1865.516522, 6737.625504
1368, 13.680000, 4871.342383, 1876.639004, 6747.981387
1369, 13.690000, 4870.386783, 1868.076612, 6738.463395
1370, 13.700000, 4869.961547, 1857.773449, 6727.734996
1371, 13.710000, 4869.516272, 1846.790310, 6716.306582
1372, 13.720000, 4868.446704, 1856.434093, 6724.880797
1373, 13.730000, 4867.280712, 1870.714276, 6737.994988
1374, 13.740000, 4865.054804, 1859.224680, 6724.279485
1375, 13.750000, 4863.276766, 1846.903358, 6710.180124
1376, 13.760000, 4861.034343, 1836.885855, 6697.920198
1377, 13.770000, 4859.122852, 1847.167312, 6706.290164
1378, 13.780000, 4857.494277, 1859.821200, 6717.315476
1379, 13.790000, 4854.931651, 1853.072755, 6708.004406
1380, 13.800000, 4852.635287, 1849.238555, 6701.873842
1381, 13.810000, 4849.931931, 1847.059792, 6696.991723
1382, 13.820000, 4847.342144, 1859.300354, 6706.642498
1383, 13.830000, 4846.153610, 1873.978237, 6720.131847
1384, 13.840000, 4844.718819, 1879.791896, 6724.510715
1385, 13.850000, 4844.310836, 1884.465324, 6728.776160
1386, 13.860000, 4845.288392, 1882.528437, 6727.816829
1387, 13.870000, 4846.981597, 1898.766979, 6745.748576
1388, 13.880000, 4849.106496, 1904.434546, 6753.541043
1389, 13.890000, 4851.254225, 1885.381165, 6736.635390
1390, 13.900000, 4853.557578, 1871.358260, 6724.915838
1391, 13.910000, 4856.816262, 1856.098795, 6712.915056
1392, 13.920000, 4858.604487, 1873.422745, 6732.027232
1393, 13.930000, 4860.290327, 1894.583642, 6754.873969
1394, 13.940000, 4861.422984, 1883.529871, 6744.952855
1395, 13.950000, 4861.338522, 1871.047795, 6732.386317
1396, 13.960000, 4862.000366, 1852.431029, 6714.431395
1397, 13.970000, 4863.412588, 1852.044597, 6715.457185
1398, 13.980000, 4865.822773, 1859.543524, 6725.366297
1399, 13.990000, 4869.120015, 1851.182287, 6720.302302
1400, 14.000000, 4872.720427, 1848.062166, 6720.782593
1401, 14.010000, 4877.492603, 1831.005512, 6708.498116
1402, 14.020000, 4882.220208, 1824.869932, 6707.090140
1403, 14.030000, 4887.887255, 1827.121774, 6715.009029
1404, 14.040000, 4894.042606, 1813.123074, 6707.165681
1405, 14.050000, 4900.925266, 1788.664179, 6689.589445
1406, 14.060000, 4907.883664, 1786.232940, 6694.116604
1407, 14.070000, 4911.979514, 1791.117616, 6703.097129
1408, 14.080000, 4914.782246, 1783.398053, 6698.180299
1409, 14.090000, 4915.381929, 1776.380337, 6691.762266
1410, 14.100000, 4913.542426, 1786.026842, 6699.569268
1411, 14.110000, 4909.648130, 1803.602888, 6713.251018
1412, 14.120000, 4905.635837, 1794.384678, 6700.020515
1413, 14.130000, 4901.291749, 1785.805383, 6687.097132
1414, 14.140000, 4896.796667, 1810.319264, 6707.115932
1415, 14.150000, 4893.590279, 1833.432729, 6727.023008
1416, 14.160000, 4891.916993, 1833.515904, 6725.432897
1417, 14.170000, 4891.136915, 1831.681353, 6722.818269
1418, 14.180000, 4890.287607, 1844.567852, 6734.855459
1419, 14.190000, 4890.618483, 1861.279861, 6751.898344
1420, 14.200000, 4893.074755, 1856.470154, 6749.544909
1421, 14.210000, 4895.324329, 1848.114094, 6743.438423
1422, 14.220000, 4897.947122, 1853.107365, 6751.054486
1423, 14.230000, 4900.772243, 1853.674652, 6754.446896
1424, 14.240000, 4904.369355, 1840.160017, 6744.529372
1425, 14.250000, 4906.947875, 1825.110615, 6732.058490
1426, 14.260000, 4908.842863, 1803.702420, 6712.545283
1427, 14.270000, 4909.347409, 1809.458909, 6718.806318
1428, 14.280000, 4909.650568, 1819.959826, 6729.610394
1429, 14.290000, 4909.901789, 1810.755487, 6720.657276
1430, 14.300000, 4909.287415, 1807.326800, 6716.614216
1431, 14.310000, 4907.851021, 1796.334983, 6704.186005
1432, 14.320000, 4903.766317, 1803.897805, 6707.664122
1433, 14.330000, 4897.119322, 1810.617059, 6707.736381
1434, 14.340000, 4889.722691, 1803.851148, 6693.573839
1435, 14.350000, 4879.804789, 1799.499072, 6679.303861
1436, 14.360000, 4868.485132, 1802.181813, 6670.666944
1437, 14.370000, 4855.255170, 1840.074090, 6695.329260
1438, 14.380000, 4842.935891, 1865.467327, 6708.403218
1439, 14.390000, 4830.811516, 1865.505909, 6696.317424
1440, 14.400000, 4820.108737, 1866.418918, 6686.527655
1441, 14.410000, 4811.556756, 1868.850103, 6680.406859
1442, 14.420000, 4804.818326, 1889.166283, 6693.984609
1443, 14.430000, 4799.720604, 1906.582709, 6706.303313
1444, 14.440000, 4797.981568, 1907.824834, 6705.806403
1445, 14.450000, 4799.172389, 1898.907096, 6698.079485
1446, 14.460000, 4804.059209, 1873.350232, 6677.409441
1447, 14.470000, 4812.995433, 1866.813235, 6679.808668
1448, 14.480000, 4824.466926, 1857.828024, 6682.294950
1449, 14.490000, 4837.355930, 1837.709289, 6675.065220
1450, 14.500000, 4847.623422, 1826.995442, 6674.618864
1451, 14.510000, 4856.004554, 1818.392401, 6674.396955
1452, 14.520000, 4863.021316, 1833.799190, 6696.820505
1453, 14.530000, 4870.212617, 1835.802384, 6706.015001
1454, 14.540000, 4877.423871, 1815.429267, 6692.853138
1455, 14.550000, 4882.709947, 1812.791155, 6695.501102
1456, 14.560000, 4886.232640, 1813.666994, 6699.899634
1457, 14.570000, 4888.779194, 1825.888626, 6714.667820
1458, 14.580000, 4889.255543, 1829.854618, 6719.110161
1459, 14.590000, 4887.847814, 1812.793019, 6700.640833
1460, 14.600000, 4886.791020, 1800.983312, 6687.774332
1461, 14.610000, 4886.408582, 1788.713591, 6675.122172
1462, 14.620000, 4885.552747, 1798.200701, 6683.753448
1463, 14.630000, 4884.551103, 1810.628591, 6695.179694
1464, 14.640000, 4884.030218, 1806.143702, 6690.173920
1465, 14.650000, 4882.879555, 1802.199763, 6685.079318
1466, 14.660000, 4882.869318, 1803.682388, 6686.551706
1467, 14.670000, 4883.211391, 1825.381985, 6708.593376
1468, 14.680000, 4883.579285, 1833.903334, 6717.482619
1469, 14.690000, 4885.843050, 1827.926471, 6713.769521
1470, 14.700000, 4889.411900, 1823.205221, 6712.617121
1471, 14.710000, 4891.269314, 1819.573217, 6710.842532
1472, 14.720000, 4892.484404, 1838.328665, 6730.813070
1473, 14.730000, 4894.716419, 1851.955865, 6746.672284
1474, 14.740000, 4898.386861, 1839.488788, 6737.875649
1475, 14.750000, 4902.498817, 1822.094747, 6724.593564
1476, 14.760000, 4905.937245, 1836.099292, 6742.036536
1477, 14.770000, 4910.028192, 1843.047441, 6753.075633
1478, 14.780000, 4913.503777, 1827.020666, 6740.524443
1479, 14.790000, 4914.968402, 1821.416438, 6736.384840
1480, 14.800000, 4914.266418, 1814.932028, 6729.198447
1481, 14.810000, 4911.123005, 1823.235170, 6734.358174
1482, 14.820000, 4905.150376, 1832.249085, 6737.399462
1483, 14.830000, 4897.772087, 1829.306542, 6727.078630
1484, 14.840000, 4889.973603, 1830.774800, 6720.748403
1485, 14.850000, 4883.068983, 1833.786962, 6716.855946
1486, 14.860000, 4877.078494, 1855.316827, 6732.395321
1487, 14.870000, 4872.420840, 1872.444164, 6744.865004
1488, 14.880000, 4870.093566, 1856.923730, 6727.017295
1489, 14.890000, 4869.122990, 1843.067556, 6712.190546
1490, 14.900000, 4868.689554, 1836.962035, 6705.651589
1491, 14.910000, 4869.345698, 1845.234806, 6714.580503
1492, 14.920000, 4871.572413, 1851.307044, 6722.879457
1493, 14.930000, 4875.428541, 1833.649080, 6709.077621
1494, 14.940000, 4880.107715, 1814.094647, 6694.202362
1495, 14.950000, 4884.258297, 1796.479248, 6680.737545
1496, 14.960000, 4886.600534, 1797.748573, 6684.349107
1497, 14.970000, 4888.443198, 1805.523291, 6693.966489
1498, 14.980000, 4887.950774, 1804.797986, 6692.748760
1499, 14.990000, 4885.073447, 1806.328561, 6691.402008
1500, 15.000000, 4880.187670, 1807.753665, 6687.941335
1501, 15.010000, 4873.943162, 1833.174711, 6707.117874
1502, 15.020000, 4867.788766, 1854.380884, 6722.169650
1503, 15.030000, 4861.796113, 1859.600168, 6721.396280
1504, 15.040000, 4855.820824, 1863.578349, 6719.399173
1505, 15.050000, 4851.041439, 1853.330720, 6704.372160
1506, 15.060000, 4847.212091, 1866.108048, 6713.320139
1507, 15.070000, 4844.393606, 1884.543662, 6728.937269
1508, 15.080000, 4844.076136, 1872.750085, 6716.826221
1509, 15.090000, 4847.629787, 1862.699817, 6710.329605
1510, 15.100000, 4853.885939, 1856.201404, 6710.087343
1511, 15.110000, 4862.315831, 1860.943708, 6723.259540
1512, 15.120000, 4872.602980, 1861.011872, 6733.614852
1513, 15.130000, 4882.527541, 1844.333499, 6726.861041
1514, 15.140000, 4892.299191, 1837.500924, 6729.800115
1515, 15.150000, 4900.568071, 1835.685270, 6736.253341
1516, 15.160000, 4906.284488, 1841.357458, 6747.641946
1517, 15.170000, 4910.221343, 1840.048371, 6750.269715
1518, 15.180000, 4911.970669, 1832.004338, 6743.975007
1519, 15.190000, 4911.976763, 1830.778988, 6742.755751
1520, 15.200000, 4909.562836, 1830.196367, 6739.759204
1521, 15.210000, 4905.787792, 1847.070703, 6752.858495
1522, 15.220000, 4900.845998, 1869.109397, 6769.955396
1523, 15.230000, 4894.506936, 1875.142291, 6769.649226
1524, 15.240000, 4887.477558, 1863.908257, 6751.385815
1525, 15.250000, 4880.884680, 1850.514445, 6731.399125
1526, 15.260000, 4875.388564, 1858.849088, 6734.237652
1527, 15.270000, 4870.953674, 1856.095363, 6727.049037
1528, 15.280000, 4867.405203, 1847.593619, 6714.998822
1529, 15.290000, 4862.780098, 1860.832918, 6723.613016
1530, 15.300000, 4858.411427, 1873.671001, 6732.082428
1531, 15.310000, 4852.713838, 1893.146406, 6745.860244
1532, 15.320000, 4846.202745, 1914.369350, 6760.572095
1533, 15.330000, 4839.315997, 1915.858552, 6755.174549
1534, 15.340000, 4833.063394, 1903.891959, 6736.955353
1535, 15.350000, 4826.968271, 1890.266012, 6717.234283
1536, 15.360000, 4821.356938, 1894.300068, 6715.657006
1537, 15.370000, 4818.603371, 1905.187098, 6723.790469
1538, 15.380000, 4818.901352, 1902.297776, 6721.199128
1539, 15.390000, 4821.521125, 1899.802838, 6721.323963
1540, 15.400000, 4825.231433, 1922.640570, 6747.872004
1541, 15.410000, 4830.005520, 1928.640656, 6758.646176
1542, 15.420000, 4836.124664, 1910.939294, 6747.063957
1543, 15.430000, 4842.404122, 1908.647459, 6751.051582
1544, 15.440000, 4846.753316, 1929.356359, 6776.109676
1545, 15.450000, 4852.015154, 1932.187143, 6784.202297
1546, 15.460000, 4860.216654, 1906.875455, 6767.092109
1547, 15.470000, 4868.539955, 1888.036991, 6756.576945
1548, 15.480000, 4877.963214, 1891.613674, 6769.576887
1549, 15.490000, 4888.679978, 1901.571020, 6790.250998
1550, 15.500000, 4901.067933, 1888.997728, 6790.065661
1551, 15.510000, 4912.943135, 1870.265845, 6783.208980
1552, 15.520000, 4923.357363, 1851.912377, 6775.269740
1553, 15.530000, 4930.873715, 1856.857388, 6787.731104
1554, 15.540000, 4937.461051, 1858.757791, 6796.218843
1555, 15.550000, 4941.125249, 1844.241988, 6785.367237
1556, 15.560000, 4941.505985, 1836.064082, 6777.570066
1557, 15.570000, 4938.358853, 1834.688473, 6773.047326
1558, 15.580000, 4930.129799, 1849.477210, 6779.607010
1559, 15.590000, 4920.485134, 1864.703198, 6785.188331
1560, 15.600000, 4909.464523, 1866.303949, 6775.768472
1561, 15.610000, 4897.105071, 1866.488735, 6763.593807
1562, 15.620000, 4883.648384, 1867.679627, 6751.328011
1563, 15.630000, 4871.645234, 1889.102644, 6760.747879
1564, 15.640000, 4859.961343, 1917.339246, 6777.300589
1565, 15.650000, 4848.798575, 1918.666497, 6767.465072
1566, 15.660000, 4839.175112, 1910.167422, 6749.342534
1567, 15.670000, 4830.476327, 1901.350039, 6731.826366
1568, 15.680000, 4822.702015, 1917.558209, 6740.260224
1569, 15.690000, 4816.413769, 1932.329285, 6748.743055
1570, 15.700000, 4811.737906, 1924.421239, 6736.159144
1571, 15.710000, 4806.808109, 1923.691368, 6730.499477
1572, 15.720000, 4802.143789, 1937.990216, 6740.134005
1573, 15.730000, 4798.323084, 1949.220321, 6747.543404
1574, 15.740000, 4796.797268, 1941.459437, 6738.256706
1575, 15.750000, 4798.006349, 1922.823642, 6720.829991
1576, 15.760000, 4800.575037, 1930.642140, 6731.217177
1577, 15.770000, 4804.952461, 1939.606994, 6744.559455
1578, 15.780000, 4810.643799, 1920.794407, 6731.438206
1579, 15.790000, 4816.591852, 1902.423382, 6719.015235
1580, 15.800000, 4824.089433, 1879.131198, 6703.220631
1581, 15.810000, 4830.220866, 1879.667097, 6709.887962
1582, 15.820000, 4834.671193, 1886.911323, 6721.582516
1583, 15.830000, 4837.877548, 1872.624229, 6710.501777
1584, 15.840000, 4839.744273, 1865.165297, 6704.909570
1585, 15.850000, 4839.010962, 1864.770072, 6703.781034
1586, 15.860000, 4837.333306, 1887.227024, 6724.560330
1587, 15.870000, 4835.143582, 1910.166724, 6745.310306
1588, 15.880000, 4834.472111, 1903.234254, 6737.706365
1589, 15.890000, 4834.706295, 1886.192636, 6720.898931
1590, 15.900000, 4836.287877, 1864.481301, 6700.769178
1591, 15.910000, 4839.263674, 1866.625923, 6705.889598
1592, 15.920000, 4843.684463, 1875.523616, 6719.208079
1593, 15.930000, 4848.287066, 1862.588603, 6710.875669
1594, 15.940000, 4851.219145, 1843.092051, 6694.311196
1595, 15.950000, 4852.656013, 1832.146066, 6684.802079
1596, 15.960000, 4854.433219, 1847.142173, 6701.575392
1597, 15.970000, 4855.921558, 1850.949554, 6706.871112
1598, 15.980000, 4856.716271, 1837.908133, 6694.624404
1599, 15.990000, 4857.678648, 1830.901600, 6688.580248
1600, 16.000000, 4857.058704, 1823.983876, 6681.042580
1601, 16.010000, 4855.323574, 1836.376738, 6691.700312
1602, 16.020000, 4853.443846, 1852.850360, 6706.294206
1603, 16.030000, 4851.589972, 1849.749624, 6701.339596
1604, 16.040000, 4850.261785, 1842.859399, 6693.121183
1605, 16.050000, 4848.871964, 1833.238000, 6682.109963
1606, 16.060000, 4848.226459, 1837.957984, 6686.184443
1607, 16.070000, 4846.926094, 1850.197086, 6697.123180
1608, 16.080000, 4846.538343, 1846.672487, 6693.210830
1609, 16.090000, 4846.995349, 1833.034600, 6680.029949
1610, 16.100000, 4847.598309, 1841.381903, 6688.980213
1611, 16.110000, 4848.315648, 1848.065727, 6696.381375
1612, 16.120000, 4849.770154, 1836.684665, 6686.454818
1613, 16.130000, 4851.776605, 1825.425520, 6677.202126
1614, 16.140000, 4853.522707, 1830.657429, 6684.180136
1615, 16.150000, 4855.059606, 1837.143140, 6692.202746
1616, 16.160000, 4856.386958, 1824.477293, 6680.864251
1617, 16.170000, 4856.879972, 1809.789832, 6666.669804
1618, 16.180000, 4855.605588, 1817.040445, 6672.646033
1619, 16.190000, 4852.283715, 1832.244583, 6684.528298
1620, 16.200000, 4848.047636, 1832.936209, 6680.983845
1621, 16.210000, 4843.854195, 1836.835224, 6680.689419
1622, 16.220000, 4839.087328, 1854.826793, 6693.914121
1623, 16.230000, 4833.979669, 1860.383360, 6694.363030
1624, 16.240000, 4830.766147, 1855.638136, 6686.404283
1625, 16.250000, 4829.410070, 1852.514135, 6681.924205
1626, 16.260000, 4827.004646, 1839.486772, 6666.491418
1627, 16.270000, 4824.863123, 1844.171220, 6669.034343
1628, 16.280000, 4820.471081, 1852.739188, 6673.210269
1629, 16.290000, 4815.534294, 1848.894328, 6664.428622
1630, 16.300000, 4810.043090, 1849.480195, 6659.523284
1631, 16.310000, 4805.005354, 1843.866535, 6648.871890
1632, 16.320000, 4799.674869, 1854.995851, 6654.670719
1633, 16.330000, 4794.739766, 1869.449357, 6664.189123
1634, 16.340000, 4792.152723, 1873.535808, 6665.688531
1635, 16.350000, 4791.842478, 1871.261097, 6663.103575
1636, 16.360000, 4793.490819, 1868.230574, 6661.721392
1637, 16.370000, 4796.084255, 1888.529210, 6684.613465
1638, 16.380000, 4799.382306, 1897.818676, 6697.200982
1639, 16.390000, 4802.557487, 1877.311542, 6679.869029
1640, 16.400000, 4808.130488, 1858.624316, 6666.754803
1641, 16.410000, 4813.500282, 1841.035511, 6654.535793
1642, 16.420000, 4816.925921, 1840.719650, 6657.645570
1643, 16.430000, 4818.265139, 1846.818030, 6665.083168
1644, 16.440000, 4816.865207, 1839.127187, 6655.992393
1645, 16.450000, 4813.746229, 1835.306598, 6649.052826
1646, 16.460000, 4808.014167, 1830.646975, 6638.661142
1647, 16.470000, 4802.770747, 1836.791011, 6639.561758
1648, 16.480000, 4795.944785, 1846.538704, 6642.483489
1649, 16.490000, 4789.859966, 1838.150057, 6628.010023
1650, 16.500000, 4784.294230, 1826.071209, 6610.365439
1651, 16.510000, 4780.053280, 1819.828392, 6599.881673
1652, 16.520000, 4775.960835, 1834.387152, 6610.347987
1653, 16.530000, 4773.094469, 1846.976305, 6620.070774
1654, 16.540000, 4772.817364, 1842.417762, 6615.235125
1655, 16.550000, 4775.025092, 1834.964358, 6609.989451
1656, 16.560000, 4779.702503, 1817.116408, 6596.818911
1657, 16.570000, 4786.601470, 1812.129097, 6598.730567
1658, 16.580000, 4793.760186, 1809.392936, 6603.153121
1659, 16.590000, 4801.399542, 1783.096500, 6584.496041
1660, 16.600000, 4809.177786, 1764.695810, 6573.873596
1661, 16.610000, 4815.791421, 1763.124726, 6578.916148
1662, 16.620000, 4822.449395, 1778.704711, 6601.154105
1663, 16.630000, 4830.154725, 1786.742573, 6616.897298
1664, 16.640000, 4836.687399, 1777.258658, 6613.946057
1665, 16.650000, 4841.115209, 1762.353321, 6603.468529
1666, 16.660000, 4843.523315, 1742.132986, 6585.656301
1667, 16.670000, 4845.261709, 1743.557721, 6588.819430
1668, 16.680000, 4847.504393, 1755.586208, 6603.090601
1669, 16.690000, 4850.263339, 1751.738897, 6602.002237
1670, 16.700000, 4852.476310, 1747.676215, 6600.152524
1671, 16.710000, 4854.327856, 1765.962911, 6620.290767
1672, 16.720000, 4856.136515, 1778.036441, 6634.172956
1673, 16.730000, 4858.120521, 1773.557102, 6631.677623
1674, 16.740000, 4860.574996, 1770.000440, 6630.575437
1675, 16.750000, 4862.505954, 1760.948738, 6623.454692
1676, 16.760000, 4864.718427, 1774.661548, 6639.379974
1677, 16.770000, 4867.172429, 1789.764662, 6656.937090
1678, 16.780000, 4870.612877, 1782.896491, 6653.509368
1679, 16.790000, 4874.998969, 1772.261978, 6647.260947
1680, 16.800000, 4877.948222, 1759.824315, 6637.772537
1681, 16.810000, 4879.749411, 1773.906041, 6653.655452
1682, 16.820000, 4879.855767, 1786.318626, 6666.174393
1683, 16.830000, 4880.075061, 1768.771249, 6648.846310
1684, 16.840000, 4881.266681, 1755.308243, 6636.574923
1685, 16.850000, 4882.056346, 1750.003375, 6632.059721
1686, 16.860000, 4880.094050, 1766.229680, 6646.323730
1687, 16.870000, 4877.802233, 1778.502625, 6656.304858
1688, 16.880000, 4875.494298, 1770.234257, 6645.728556
1689, 16.890000, 4871.552556, 1764.383540, 6635.936096
1690, 16.900000, 4867.413764, 1763.419834, 6630.833598
1691, 16.910000, 4863.220407, 1784.132784, 6647.353190
1692, 16.920000, 4859.732993, 1804.522991, 6664.255984
1693, 16.930000, 4856.911790, 1802.191822, 6659.103611
1694, 16.940000, 4854.907312, 1799.474557, 6654.381869
1695, 16.950000, 4853.742189, 1799.528110, 6653.270299
1696, 16.960000, 4851.514688, 1813.404235, 6664.918923
1697, 16.970000, 4847.474320, 1826.622285, 6674.096605
1698, 16.980000, 4842.058992, 1813.825922, 6655.884914
1699, 16.990000, 4835.475323, 1805.980159, 6641.455482
1700, 17.000000, 4827.237228, 1809.906965, 6637.144193
1701, 17.010000, 4820.242272, 1828.973083, 6649.215355
1702, 17.020000, 4814.462029, 1841.437906, 6655.899935
1703, 17.030000, 4808.930527, 1832.487301, 6641.417828
1704, 17.040000, 4804.428721, 1830.378261, 6634.806982
1705, 17.050000, 4801.946253, 1823.298309, 6625.244562
1706, 17.060000, 4802.819293, 1824.544525, 6627.363817
1707, 17.070000, 4806.657839, 1819.206424, 6625.864263
1708, 17.080000, 4813.623052, 1798.940534, 6612.563586
1709, 17.090000, 4823.036120, 1786.423893, 6609.460013
1710, 17.100000, 4833.317304, 1778.482566, 6611.799871
1711, 17.110000, 4844.275425, 1789.236411, 6633.511837
1712, 17.120000, 4855.462748, 1787.971674, 6643.434422
1713, 17.130000, 4866.558969, 1776.648173, 6643.207142
1714, 17.140000, 4878.155619, 1766.057997, 6644.213616
1715, 17.150000, 4887.426174, 1751.575114, 6639.001288
1716, 17.160000, 4894.366180, 1755.399689, 6649.765869
1717, 17.170000, 4898.362942, 1759.456778, 6657.819720
1718, 17.180000, 4901.446519, 1755.293968, 6656.740487
1719, 17.190000, 4902.588023, 1749.459523, 6652.047545
1720, 17.200000, 4901.896863, 1764.347218, 6666.244081
1721, 17.210000, 4898.186205, 1773.063638, 6671.249843
1722, 17.220000, 4892.087334, 1757.649761, 6649.737095
1723, 17.230000, 4885.108645, 1749.916891, 6635.025536
1724, 17.240000, 4877.230702, 1750.930775, 6628.161477
1725, 17.250000, 4868.828818, 1770.893331, 6639.722149
1726, 17.260000, 4860.256570, 1795.887219, 6656.143790
1727, 17.270000, 4852.861516, 1804.158174, 6657.019689
1728, 17.280000, 4848.743490, 1803.105422, 6651.848912
1729, 17.290000, 4844.787298, 1796.846164, 6641.633462
1730, 17.300000, 4840.872193, 1803.746585, 6644.618778
1731, 17.310000, 4840.123626, 1816.529394, 6656.653020
1732, 17.320000, 4839.791532, 1812.106845, 6651.898377
1733, 17.330000, 4839.525573, 1800.441699, 6639.967272
1734, 17.340000, 4837.576788, 1795.893560, 6633.470348
1735, 17.350000, 4834.328929, 1814.632531, 6648.961459
1736, 17.360000, 4830.807707, 1826.183790, 6656.991496
1737, 17.370000, 4828.076292, 1815.012281, 6643.088573
1738, 17.380000, 4825.931175, 1809.462556, 6635.393731
1739, 17.390000, 4824.432111, 1803.071901, 6627.504012
1740, 17.400000, 4823.700407, 1810.947291, 6634.647697
1741, 17.410000, 4824.063358, 1817.298612, 6641.361970
1742, 17.420000, 4825.749979, 1805.917742, 6631.667722
1743, 17.430000, 4829.414929, 1797.721580, 6627.136509
1744, 17.440000, 4835.092261, 1783.537024, 6618.629285
1745, 17.450000, 4841.691639, 1792.453000, 6634.144639
1746, 17.460000, 4849.664536, 1807.114957, 6656.779493
1747, 17.470000, 4858.977958, 1792.646340, 6651.624298
1748, 17.480000, 4867.762514, 1778.758060, 6646.5